Pic_id,MetaphorCategory,TargetCategory,SourceCategory,MetaphoricalSenseCategory,SentimentCategory
,"1 metaphor, 0  literal","1 relation, 2 communication, 3 attribute, 4 psychological_feature, 5 person, 6 plant, 7 animal, 8 process, 9 event, 10 substance, 11 natural_object, 12 artifact, 13 location","1 relation, 2 communication, 3 attribute, 4 psychological_feature, 5 person, 6 plant, 7 animal, 8 process, 9 event, 10 substance, 11 natural_object, 12 artifact, 13 location","1 physical property, 2 magnitude, 3 sense, 4 age, 5 shape, 6 state, 7 quality, 8 symbol"," -1 negative, 0 neutral, 1 positive"
1,1,10,10,3,0
2,0,,,,-1
3,0,,,,1
4,0,,,,-1
5,1,10,12,5,1
6,1,4,12,8,1
7,1,12,12,5,1
8,1,4,10,5,1
9,1,12,12,1,1
10,0,,,,1
11,0,,,,1
12,1,12,12,8,0
13,1,12,3,1,1
14,1,7,12,5,1
15,1,12,12,1,1
16,1,12,4,7,-1
17,1,11,12,1,1
18,0,,,,1
19,1,10,12,7,1
20,1,12,12,5,0
21,1,12,10,3,0
22,0,,,,0
23,1,10,4,8,1
24,1,10,10,7,1
25,1,10,10,3,0
26,1,12,12,5,1
27,1,10,11,3,1
28,1,5,12,4,0
29,1,10,13,7,1
30,0,,,,1
31,0,,,,1
32,0,,,,0
33,0,,,,0
34,1,10,9,3,0
35,1,10,9,7,0
36,1,12,10,5,0
37,1,10,13,7,0
38,1,7,5,7,0
39,0,,,,0
40,1,5,12,4,0
41,0,,,,1
42,0,,,,1
43,1,10,12,5,0
44,1,10,6,3,1
45,0,,,,0
46,1,10,11,7,0
47,1,10,4,7,0
48,1,10,9,2,1
49,0,,,,1
50,1,12,12,5,1
51,1,10,12,5,0
52,0,,,,1
53,0,,,,0
54,1,12,6,5,1
55,1,12,6,3,1
56,1,12,7,3,1
57,1,11,5,8,1
58,1,12,3,5,0
59,0,,,,1
60,1,12,8,8,1
61,1,5,12,8,1
62,0,,,,1
63,1,10,10,7,1
64,1,10,5,8,1
65,1,10,5,5,-1
66,0,,,,0
67,0,,,,1
68,0,,,,1
69,1,6,4,8,1
70,1,11,9,8,1
71,1,7,12,8,0
72,1,10,10,7,1
73,0,,,,0
74,0,,,,1
75,1,10,10,3,0
76,1,10,10,1,0
77,0,,,,1
78,0,,,,1
79,0,,,,1
80,1,10,11,7,1
81,1,10,11,7,1
82,0,,,,0
83,1,12,8,1,1
84,1,12,7,8,0
85,0,,,,1
86,1,12,12,5,1
87,0,,,,1
88,0,,,,1
89,0,,,,1
90,0,,,,1
91,0,,,,1
92,1,12,3,3,0
93,1,12,12,5,1
94,1,8,12,5,1
95,0,,,,1
96,1,12,12,5,0
97,1,12,8,3,1
98,0,,,,1
99,0,,,,1
100,0,,,,1
101,1,12,11,8,1
102,1,10,10,3,0
103,1,10,10,8,0
104,0,,,,1
105,1,12,10,5,0
106,1,12,9,8,1
107,1,12,10,8,1
108,0,,,,0
109,0,,,,1
110,1,12,10,5,0
111,1,12,12,5,1
112,0,,,,1
113,1,11,7,3,1
114,0,,,,1
115,1,11,9,6,1
116,1,10,6,8,1
117,0,,,,1
118,0,,,,1
119,1,10,12,8,1
120,1,12,12,5,1
121,1,12,12,7,1
122,1,12,11,5,1
123,0,,,,0
124,0,,,,1
125,0,,,,1
126,0,,,,1
127,1,12,12,7,1
128,0,,,,1
129,0,,,,1
130,0,,,,1
131,1,4,12,8,1
132,0,,,,1
133,0,,,,0
134,1,11,12,7,0
135,1,3,3,8,1
136,1,12,12,8,0
137,0,,,,0
138,1,12,8,5,1
139,0,,,,1
140,1,10,12,3,0
141,0,,,,0
142,1,10,5,8,1
143,1,10,11,8,1
144,0,,,,0
145,1,10,5,8,0
146,0,,,,0
147,1,10,12,8,1
148,1,10,6,8,0
149,1,10,11,8,1
150,1,12,10,7,0
151,1,10,7,8,1
152,1,12,9,2,1
153,1,5,5,8,1
154,1,12,12,5,1
155,1,12,3,7,0
156,1,5,3,3,1
157,1,5,3,6,1
158,1,3,10,8,1
159,1,10,12,5,1
160,0,,,,1
161,1,5,6,7,0
162,0,,,,0
163,1,5,7,8,1
164,1,6,5,8,0
165,1,12,6,5,1
166,0,,,,1
167,0,,,,1
168,0,,,,0
169,0,,,,0
170,1,10,10,3,0
171,0,,,,0
172,1,10,12,3,1
173,1,12,12,2,1
174,1,10,5,8,0
175,1,12,12,5,1
176,0,,,,1
177,1,7,5,8,1
178,0,,,,1
179,0,,,,1
180,0,,,,1
181,0,,,,1
182,1,10,9,5,0
183,0,,,,1
184,0,,,,0
185,1,10,7,8,0
186,0,,,,1
187,1,10,12,2,0
188,1,10,12,5,0
189,0,,,,1
190,1,11,10,7,1
191,1,5,7,8,1
192,1,12,11,8,1
193,1,12,10,3,1
194,0,,,,0
195,1,10,10,3,0
196,0,,,,1
197,1,12,10,3,1
198,0,,,,0
199,1,12,7,5,1
200,1,12,10,5,0
201,0,,,,1
202,1,12,12,5,1
203,1,7,5,8,1
204,1,10,12,8,1
205,0,,,,1
206,1,12,5,8,1
207,1,12,10,8,0
208,1,12,6,8,0
209,1,10,10,3,0
210,1,3,12,8,1
211,1,10,12,8,1
212,0,,,,1
213,1,12,12,8,1
214,0,,,,0
215,0,,,,1
216,0,,,,0
217,1,12,12,1,1
218,1,10,11,5,0
219,1,12,10,2,1
220,1,3,4,8,1
221,1,12,6,7,1
222,1,10,12,5,0
223,1,12,12,8,1
224,1,12,12,8,1
225,0,,,,0
226,1,12,9,8,1
227,0,,,,1
228,1,7,12,8,1
229,1,12,12,5,1
230,1,12,7,8,0
231,1,12,12,5,0
232,1,12,12,8,0
233,0,,,,1
234,1,11,12,2,0
235,1,10,10,3,1
236,0,,,,1
237,0,,,,0
238,0,,,,0
239,1,10,11,3,0
240,1,12,10,2,0
241,0,,,,1
242,0,,,,0
243,0,,,,1
244,1,12,7,3,1
245,1,12,10,6,1
246,0,,,,1
247,1,12,12,8,1
248,0,,,,1
249,1,3,12,5,1
250,0,,,,1
251,0,,,,1
252,0,,,,0
253,0,,,,1
254,0,,,,1
255,1,5,12,7,1
256,1,12,5,8,0
257,1,12,12,8,1
258,1,10,12,3,1
259,0,,,,1
260,1,10,10,3,0
261,1,7,4,7,1
262,1,10,12,1,0
263,1,10,7,2,0
264,0,,,,0
265,1,10,10,5,0
266,1,10,12,3,0
267,1,11,12,7,1
268,0,,,,0
269,0,,,,1
270,1,12,12,7,1
271,0,,,,0
272,1,12,12,7,1
273,0,,,,1
274,1,6,5,8,1
275,0,,,,1
276,1,11,12,5,1
277,0,,,,-1
278,0,,,,0
279,0,,,,0
280,0,,,,1
281,0,,,,1
282,1,12,9,2,1
283,0,,,,0
284,1,3,3,5,0
285,0,,,,1
286,0,,,,1
287,0,,,,1
288,1,10,3,2,1
289,0,,,,0
290,0,,,,1
291,1,7,5,8,1
292,0,,,,0
293,1,11,9,5,0
294,1,12,12,5,1
295,1,11,12,8,1
296,1,12,8,7,1
297,1,9,12,5,1
298,1,12,5,3,1
299,1,12,12,1,0
300,0,,,,0
301,1,12,12,1,0
302,1,12,6,5,0
303,1,12,12,5,1
304,0,,,,0
305,1,12,10,3,1
306,1,13,9,8,1
307,0,,,,0
308,1,11,12,8,1
309,1,11,12,5,0
310,0,,,,0
311,1,12,12,5,0
312,0,,,,0
313,1,5,5,3,1
314,0,,,,1
315,1,12,12,8,0
316,1,12,6,7,1
317,1,11,1,8,0
318,0,,,,0
319,0,,,,1
320,1,13,12,8,1
321,0,,,,1
322,1,5,9,8,1
323,0,,,,1
324,1,12,13,7,1
325,1,3,11,8,0
326,1,12,12,2,1
327,0,,,,0
328,1,5,5,8,1
329,1,12,10,8,1
330,0,,,,1
331,1,12,10,2,1
332,1,12,10,7,1
333,1,12,7,3,1
334,0,,,,0
335,1,12,6,3,0
336,1,10,11,5,0
337,0,,,,0
338,1,5,9,5,0
339,1,5,5,3,1
340,0,,,,0
341,1,4,12,3,1
342,1,11,12,5,0
343,1,12,10,5,0
344,1,11,3,3,1
345,0,,,,0
346,0,,,,0
347,1,5,12,8,1
348,0,,,,0
349,1,11,10,5,1
350,1,12,3,8,0
351,0,,,,0
352,1,5,12,3,1
353,1,12,12,5,1
354,0,,,,1
355,0,,,,1
356,1,5,6,5,0
357,0,,,,0
358,0,,,,1
359,1,5,9,3,1
360,1,5,3,2,0
361,0,,,,0
362,1,12,12,5,1
363,1,5,5,5,1
364,1,12,12,5,0
365,0,,,,0
366,1,9,12,8,1
367,0,,,,0
368,1,10,12,5,0
369,1,12,8,5,1
370,1,12,10,3,0
371,1,5,12,5,1
372,1,5,12,8,1
373,1,12,12,5,1
374,1,12,10,2,1
375,1,12,9,3,1
376,0,,,,1
377,1,12,5,3,1
378,1,12,12,3,1
379,1,12,12,8,1
380,1,,12,6,1
381,0,,,,0
382,0,,,,1
383,1,12,12,8,1
384,0,,,,1
385,0,,,,1
386,1,12,12,5,0
387,0,,,,0
388,0,,,,0
389,1,10,11,5,1
390,0,,,,1
391,1,12,7,8,0
392,0,,,,1
393,1,11,10,6,0
394,1,12,7,5,1
395,0,,,,1
396,1,12,13,3,0
397,1,5,10,2,-1
398,1,10,12,5,0
399,1,10,9,5,0
400,1,11,12,5,0
401,1,11,10,5,1
402,1,12,12,5,0
403,1,12,12,8,0
404,1,12,12,8,0
405,1,8,11,5,0
406,1,12,12,3,0
407,1,5,3,3,1
408,0,,,,0
409,1,12,12,1,1
410,0,,,,1
411,1,5,12,1,1
412,1,10,12,8,1
413,1,12,3,5,0
414,0,,,,1
415,0,,,,1
416,0,,,,1
417,1,12,10,2,1
418,1,12,5,8,1
419,1,12,5,8,1
420,1,10,7,5,1
421,1,10,12,5,1
422,1,12,10,5,1
423,0,,,,1
424,0,,,,1
425,1,5,10,6,1
426,1,7,5,2,0
427,1,12,6,5,0
428,1,12,12,5,1
429,0,,,,1
430,0,,,,1
431,0,,,,0
432,0,,,,1
433,1,12,11,5,1
434,0,,,,1
435,1,3,8,5,0
436,1,5,12,8,1
437,0,,,,1
438,1,5,12,8,1
439,1,12,4,3,1
440,0,,,,0
441,0,,,,0
442,0,,,,1
443,1,12,5,8,0
444,1,12,12,8,1
445,1,3,8,8,1
446,1,10,12,5,1
447,1,12,9,1,1
448,1,12,7,8,1
449,1,12,3,1,1
450,1,12,12,8,0
451,1,12,10,3,0
452,0,,,,0
453,0,,,,0
454,0,,,,1
455,0,,,,0
456,0,,,,1
457,1,12,12,5,1
458,1,12,10,5,1
459,0,,,,0
460,1,12,12,5,1
461,1,12,12,5,0
462,0,,,,1
463,1,11,3,5,0
464,1,12,12,8,0
465,1,12,6,5,0
466,1,12,10,5,1
467,0,,,,0
468,0,,,,0
469,1,6,11,5,0
470,0,,,,0
471,0,,,,0
472,0,,,,1
473,0,,,,1
474,1,11,4,8,1
475,0,,,,1
476,0,,,,1
477,1,10,12,5,0
478,1,12,12,5,1
479,1,8,10,5,1
480,1,9,5,8,1
481,1,7,5,8,1
482,1,12,3,5,1
483,1,12,8,5,1
484,1,12,7,5,-1
485,0,,,,1
486,1,12,12,5,1
487,1,12,12,5,0
488,1,12,12,2,1
489,1,12,4,2,1
490,1,12,12,5,0
491,1,3,3,5,1
492,1,13,3,5,1
493,1,3,11,5,1
494,1,13,12,5,0
495,1,12,9,5,0
496,1,12,12,5,1
497,1,12,11,5,1
498,0,,,,0
499,1,11,10,5,0
500,1,11,10,6,1
501,0,,,,0
502,1,12,12,5,1
503,1,12,13,5,1
504,0,,,,1
505,1,12,12,5,1
506,1,11,12,5,1
507,0,,,,0
508,0,,,,1
509,0,,,,1
510,1,11,12,5,1
511,0,,,,0
512,1,10,10,2,1
513,1,11,10,5,1
514,0,,,,0
515,1,7,5,8,0
516,0,,,,1
517,1,12,12,2,1
518,1,12,12,8,1
519,1,12,12,5,1
520,1,12,12,5,1
521,0,,,,0
522,1,12,10,3,0
523,1,12,12,2,0
524,0,,,,0
525,0,,,,1
526,1,12,7,5,1
527,0,,,,1
528,0,,,,1
529,1,10,10,6,1
530,1,12,12,5,1
531,1,10,12,5,1
532,1,3,10,5,0
533,1,3,5,8,0
534,1,12,12,5,1
535,1,12,3,2,0
536,0,,,,0
537,0,,,,0
538,1,8,12,8,1
539,1,6,6,8,1
540,1,12,7,8,1
541,1,12,6,8,0
542,0,,,,0
543,1,12,11,5,1
544,1,3,12,8,1
545,1,5,12,3,1
546,0,,,,1
547,1,12,12,6,1
548,0,,,,1
549,1,12,1,2,1
550,1,12,1,3,1
551,1,1,12,4,1
552,0,,,,1
553,0,,,,0
554,0,,,,1
555,1,12,11,6,1
556,1,12,12,5,1
557,0,,,,0
558,1,12,12,8,1
559,1,5,12,8,1
560,1,10,12,4,0
561,0,,,,0
562,0,,,,0
563,0,,,,1
564,1,5,12,8,0
565,1,5,5,2,1
566,0,,,,1
567,1,5,12,4,1
568,0,,,,0
569,1,5,7,6,1
570,1,12,12,8,1
571,1,12,13,8,0
572,1,12,12,8,0
573,0,,,,0
574,1,5,12,8,1
575,0,,,,1
576,0,,,,1
577,0,,,,1
578,1,12,10,8,0
579,0,,,,1
580,1,10,9,8,1
581,0,,,,1
582,0,,,,1
583,1,12,12,8,1
584,1,12,12,8,0
585,1,12,6,8,0
586,1,10,6,8,0
587,1,11,12,6,0
588,0,,,,0
589,0,,,,1
590,0,,,,0
591,0,,,,1
592,1,5,12,8,1
593,1,12,12,3,0
594,1,5,13,5,1
595,1,5,3,8,1
596,1,11,12,1,1
597,0,,,,0
598,1,7,6,4,1
599,0,,,,1
600,0,,,,1
601,1,12,11,8,1
602,0,,,,0
603,0,,,,1
604,0,,,,0
605,0,,,,0
606,0,,,,1
607,0,,,,0
608,0,,,,0
609,0,,,,1
610,0,,,,0
611,0,,,,0
612,0,,,,1
613,1,12,11,2,1
614,1,12,12,8,1
615,0,,,,1
616,1,12,10,8,0
617,1,12,10,5,0
618,1,12,5,5,0
619,1,5,12,6,0
620,1,12,12,2,0
621,1,11,12,2,1
622,1,12,13,8,1
623,1,12,12,3,0
624,1,5,12,8,0
625,0,,,,0
626,1,9,12,2,1
627,1,5,5,4,1
628,0,,,,0
629,1,13,13,5,1
630,1,12,13,6,1
631,1,10,12,8,1
632,0,,,,1
633,1,13,13,8,1
634,1,12,11,5,1
635,1,7,7,8,1
636,1,10,9,6,1
637,0,,,,1
638,1,12,10,3,1
639,0,,,,1
640,0,,,,1
641,1,5,5,7,1
642,1,12,12,8,1
643,1,12,7,5,1
644,1,3,3,3,1
645,0,,,,1
646,0,,,,0
647,1,10,12,2,1
648,1,7,3,1,1
649,0,,,,1
650,0,,,,0
651,0,,,,0
652,0,,,,0
653,1,12,12,7,1
654,1,12,12,8,1
655,1,12,12,8,1
656,1,10,10,5,1
657,0,,,,0
658,0,,,,0
659,0,,,,0
660,1,12,12,8,1
661,1,10,10,8,0
662,0,,,,1
663,1,12,3,5,1
664,0,,,,0
665,0,,,,-1
666,1,12,5,8,0
667,0,,,,0
668,1,12,12,8,0
669,0,,,,0
670,1,11,3,3,0
671,1,3,12,8,0
672,1,7,7,2,0
673,0,,,,0
674,1,10,12,4,1
675,1,12,12,8,1
676,1,7,7,8,1
677,1,12,12,7,0
678,1,12,5,3,0
679,1,11,11,1,0
680,1,11,11,1,0
681,1,12,12,8,0
682,1,7,12,8,0
683,1,12,12,5,1
684,1,3,12,4,1
685,1,12,12,3,1
686,0,,,,0
687,1,7,7,7,1
688,1,5,12,8,1
689,0,,,,
690,0,,,,0
691,0,,,,0
692,0,,,,1
693,1,12,12,8,1
694,0,,,,0
695,0,,,,1
696,0,,,,1
697,0,,,,1
698,0,,,,1
699,1,13,5,8,1
700,1,12,13,8,1
701,0,,,,1
702,1,11,13,8,1
703,1,12,12,1,1
704,0,,,,1
705,1,12,5,2,0
706,0,,,,1
707,1,5,11,8,1
708,0,,,,1
709,0,,,,1
710,1,12,12,8,1
711,0,,,,1
712,1,12,7,4,1
713,1,10,12,8,0
714,1,12,12,3,1
715,1,7,10,8,1
716,0,,,,0
717,0,,,,0
718,0,,,,0
719,0,,,,0
720,0,,,,1
721,0,,,,1
722,1,10,12,2,1
723,0,,,,1
724,1,7,12,2,1
725,1,12,12,2,1
726,1,12,12,8,1
727,0,,,,1
728,1,10,11,2,1
729,1,10,12,2,1
730,1,10,7,2,1
731,1,8,12,5,0
732,1,5,5,8,1
733,1,5,5,2,1
734,1,5,5,8,1
735,1,12,12,8,1
736,0,,,,1
737,1,10,12,2,1
738,1,7,7,4,1
739,0,,,,1
740,0,,,,1
741,0,,,,0
742,0,,,,1
743,1,7,5,5,0
744,1,12,12,6,0
745,1,7,5,8,1
746,1,7,8,8,1
747,0,,,,0
748,0,,,,0
749,1,12,12,1,1
750,1,7,12,1,1
751,1,12,12,2,0
752,1,7,12,2,0
753,0,,,,1
754,1,10,13,2,0
755,1,12,12,8,1
756,1,12,12,8,0
757,0,,,,1
758,1,8,12,4,0
759,1,7,7,3,1
760,0,,,,1
761,1,12,10,5,1
762,1,10,5,7,0
763,0,,,,0
764,1,12,5,1,1
765,0,,,,0
766,0,,,,1
767,1,12,6,1,0
768,1,5,12,8,0
769,1,12,12,8,1
770,0,,,,1
771,1,10,10,8,1
772,1,12,7,8,0
773,0,,,,0
774,1,10,10,8,0
775,1,12,12,7,1
776,1,12,12,2,0
777,0,,,,0
778,1,12,12,4,0
779,1,12,3,5,0
780,1,12,12,8,1
781,1,5,12,8,0
782,0,,,,0
783,1,12,12,2,1
784,0,,,,1
785,1,12,12,2,1
786,0,,,,1
787,0,,,,0
788,0,,,,0
789,0,,,,1
790,0,,,,1
791,0,,,,0
792,0,,,,0
793,1,3,4,1,1
794,1,5,5,1,1
795,0,,,,1
796,0,,,,0
797,0,,,,0
798,1,6,12,5,1
799,1,13,13,6,1
800,1,12,12,7,0
801,1,11,12,2,1
802,1,7,7,8,1
803,1,5,7,2,1
804,0,,,,1
805,1,7,5,2,1
806,1,10,7,2,1
807,0,,,,1
808,1,10,12,2,1
809,1,12,3,8,1
810,0,,,,0
811,0,,,,0
812,1,12,12,8,0
813,0,,,,0
814,0,,,,0
815,0,,,,0
816,0,,,,0
817,1,11,12,8,0
818,0,,,,1
819,1,12,13,8,0
820,0,,,,1
821,0,,,,1
822,1,12,12,2,1
823,1,8,12,3,1
824,0,,,,0
825,0,,,,0
826,0,,,,0
827,1,7,8,8,0
828,0,,,,0
829,1,5,12,5,0
830,0,,,,0
831,1,11,12,8,1
832,1,10,10,2,0
833,1,10,10,2,1
834,1,3,4,2,0
835,1,10,7,2,0
836,1,8,12,2,0
837,0,,,,0
838,0,,,,0
839,0,,,,1
840,0,,,,0
841,1,12,12,2,1
842,1,12,11,2,1
843,1,5,3,5,1
844,1,12,12,2,0
845,0,,,,0
846,1,12,12,2,1
847,1,12,12,8,1
848,0,,,,1
849,0,,,,1
850,0,,,,1
851,0,,,,1
852,0,,,,0
853,1,12,12,6,0
854,1,1,8,5,1
855,1,10,10,2,1
856,1,12,6,2,0
857,1,10,12,2,1
858,1,12,12,5,1
859,1,12,12,8,1
860,1,12,12,2,1
861,1,12,12,5,1
862,1,5,4,6,1
863,1,12,12,8,1
864,1,12,12,8,1
865,1,11,10,2,1
866,1,12,12,2,1
867,1,10,10,2,0
868,0,,,,0
869,1,12,12,5,1
870,0,,,,1
871,1,12,12,5,1
872,1,12,12,8,1
873,1,10,10,5,0
874,1,5,11,8,1
875,1,10,11,2,0
876,1,12,1,5,0
877,1,10,5,8,1
878,1,9,3,2,1
879,1,10,6,2,0
880,1,12,12,5,1
881,1,11,10,6,0
882,1,10,5,5,1
883,1,12,12,2,1
884,1,10,12,5,1
885,1,10,9,8,0
886,1,12,11,5,1
887,0,,,,1
888,1,5,13,2,0
889,1,12,12,8,0
890,0,,,,0
891,1,12,3,5,1
892,1,12,13,1,1
893,0,,,,0
894,0,,,,0
895,1,3,5,8,0
896,0,,,,0
897,0,,,,0
898,0,,,,0
899,1,12,13,5,1
900,1,12,12,2,1
901,1,12,12,2,0
902,1,13,13,2,0
903,1,12,12,8,1
904,1,5,12,8,1
905,1,12,10,5,1
906,0,,,,0
907,0,,,,-1
908,0,,,,-1
909,0,,,,-1
910,1,12,12,2,0
911,0,,,,0
912,1,3,3,3,1
913,0,,,,-1
914,0,,,,0
915,0,,,,0
916,1,3,5,5,1
917,1,10,9,5,1
918,0,,,,1
919,0,,,,0
920,1,7,12,2,1
921,0,,,,0
922,1,12,8,2,1
923,1,6,7,8,1
924,0,,,,0
925,0,,,,1
926,0,,,,0
927,1,12,10,5,1
928,0,,,,1
929,1,5,12,2,1
930,0,,,,0
931,0,,,,0
932,1,10,12,2,0
933,1,12,8,8,1
934,0,,,,0
935,0,,,,0
936,0,,,,0
937,0,,,,0
938,1,12,12,5,0
939,0,,,,1
940,0,,,,1
941,0,,,,0
942,1,12,12,8,1
943,1,12,5,5,1
944,1,5,5,5,1
945,1,12,3,8,1
946,1,10,3,8,1
947,0,,,,1
948,1,4,12,2,1
949,1,12,12,2,0
950,0,,,,0
951,0,,,,0
952,1,12,12,2,1
953,0,,,,0
954,0,,,,0
955,0,,,,1
956,1,10,10,5,1
957,1,10,12,2,1
958,0,,,,1
959,0,,,,1
960,0,,,,0
961,1,13,12,8,1
962,1,7,12,8,1
963,1,7,7,8,1
964,1,5,11,2,1
965,1,7,12,5,-1
966,0,,,,0
967,1,5,5,5,0
968,0,,,,0
969,1,7,5,5,0
970,0,,,,0
971,0,,,,0
972,1,7,5,2,0
973,1,10,5,2,1
974,0,,,,0
975,1,10,10,8,0
976,0,,,,0
977,0,,,,0
978,0,,,,0
979,1,12,10,8,1
980,1,12,12,2,1
981,1,10,9,5,1
982,1,11,10,8,0
983,1,9,12,5,1
984,1,2,12,8,1
985,1,1,12,2,0
986,1,10,12,2,0
987,0,,,,1
988,1,10,10,6,0
989,1,10,10,5,0
990,0,,,,0
991,1,5,5,5,1
992,0,,,,0
993,1,5,5,8,1
994,1,12,12,8,0
995,1,12,7,5,0
996,1,12,4,5,1
997,1,12,12,2,0
998,0,,,,1
999,0,,,,1
1000,0,,,,1
1001,0,,,,1
1002,0,,,,1
1003,0,,,,0
1004,0,,,,0
1005,1,12,12,2,0
1006,0,,,,0
1007,0,,,,1
1008,0,,,,0
1009,1,3,12,8,1
1010,0,,,,1
1011,0,,,,0
1012,0,,,,0
1013,1,7,12,8,1
1014,0,,,,0
1015,0,,,,1
1016,1,11,6,8,1
1017,1,6,12,8,1
1018,0,,,,0
1019,1,6,12,2,0
1020,1,7,5,5,1
1021,1,5,12,3,1
1022,1,4,5,4,1
1023,1,7,7,8,0
1024,1,6,6,2,1
1025,0,,,,0
1026,1,10,10,1,1
1027,1,7,12,5,1
1028,0,,,,0
1029,1,10,12,8,1
1030,1,10,12,8,1
1031,1,12,10,5,1
1032,0,,,,0
1033,0,,,,0
1034,1,6,7,5,1
1035,0,,,,0
1036,1,12,12,8,1
1037,1,12,5,8,1
1038,1,11,3,2,0
1039,0,,,,1
1040,1,12,12,5,1
1041,0,,,,0
1042,0,,,,0
1043,1,12,5,5,1
1044,1,12,3,8,1
1045,0,,,,1
1046,1,5,5,5,1
1047,1,5,5,2,1
1048,1,12,12,5,1
1049,0,,,,1
1050,0,,,,1
1051,1,12,12,8,1
1052,0,,,,1
1053,0,,,,1
1054,0,,,,1
1055,0,,,,1
1056,1,12,12,8,1
1057,0,,,,1
1058,1,9,12,2,0
1059,0,,,,1
1060,1,10,10,8,1
1061,1,10,6,2,1
1062,1,12,12,5,0
1063,1,9,13,8,1
1064,1,12,12,8,1
1065,1,10,12,5,1
1066,1,3,4,5,1
1067,0,,,,1
1068,1,10,6,2,1
1069,1,1,12,2,1
1070,0,,,,1
1071,0,,,,1
1072,1,12,12,2,0
1073,0,,,,-1
1074,1,12,11,2,1
1075,1,7,5,5,1
1076,0,,,,0
1077,1,10,2,8,1
1078,1,12,5,8,1
1079,1,12,12,8,1
1080,1,13,13,2,0
1081,1,3,4,5,1
1082,1,4,12,2,0
1083,1,12,12,2,1
1084,0,,,,0
1085,1,5,12,2,1
1086,0,,,,0
1087,0,,,,0
1088,1,5,8,5,1
1089,1,2,2,5,1
1090,0,,,,1
1091,1,12,12,5,1
1092,1,12,6,8,1
1093,1,3,4,8,1
1094,0,,,,1
1095,1,10,12,2,0
1096,1,12,6,8,1
1097,1,12,12,8,0
1098,0,,,,0
1099,0,,,,0
1100,1,10,11,7,1
1101,1,10,3,2,0
1102,1,10,12,8,0
1103,0,,,,0
1104,1,13,3,2,0
1105,1,7,12,8,1
1106,0,,,,0
1107,1,7,7,5,1
1108,1,12,12,5,1
1109,1,6,6,5,0
1110,1,12,12,5,0
1111,1,3,3,5,0
1112,1,12,12,8,0
1113,0,,,,0
1114,1,12,11,8,0
1115,0,,,,0
1116,1,10,6,6,1
1117,0,,,,0
1118,0,,,,1
1119,1,12,12,5,1
1120,1,11,5,8,1
1121,1,10,12,5,0
1122,0,,,,0
1123,0,,,,1
1124,0,,,,0
1125,1,12,4,3,0
1126,1,9,3,8,1
1127,0,,,,0
1128,1,11,12,8,1
1129,0,,,,0
1130,1,11,12,5,0
1131,0,,,,1
1132,0,,,,1
1133,0,,,,1
1134,1,12,12,5,1
1135,0,,,,1
1136,0,,,,1
1137,1,6,12,8,1
1138,1,2,3,5,1
1139,1,12,3,1,1
1140,1,12,12,5,0
1141,0,,,,1
1142,1,5,9,6,1
1143,1,3,12,8,1
1144,0,,,,1
1145,0,,,,1
1146,1,10,10,3,0
1147,0,,,,0
1148,0,,,,0
1149,1,12,12,8,1
1150,0,,,,1
1151,1,5,3,2,1
1152,0,,,,1
1153,0,,,,1
1154,1,12,12,6,0
1155,1,11,11,8,1
1156,1,1,8,8,1
1157,1,11,7,5,1
1158,1,12,12,5,1
1159,1,2,10,5,0
1160,1,11,11,8,0
1161,1,3,10,8,0
1162,1,5,1,8,1
1163,1,1,5,8,0
1164,1,10,12,8,1
1165,1,12,12,8,0
1166,1,8,6,5,0
1167,1,11,3,6,0
1168,1,11,9,2,1
1169,1,12,12,2,1
1170,1,5,9,6,1
1171,1,12,10,5,0
1172,1,10,5,5,1
1173,1,10,11,8,0
1174,1,10,5,8,1
1175,1,12,10,5,0
1176,1,6,12,2,0
1177,1,5,4,2,0
1178,1,10,12,3,0
1179,0,,,,-1
1180,1,12,10,1,0
1181,1,12,10,6,0
1182,1,6,12,6,0
1183,0,,,,1
1184,1,9,12,8,1
1185,1,9,5,6,0
1186,0,,,,1
1187,1,2,10,5,1
1188,1,12,4,5,0
1189,1,5,3,2,0
1190,1,12,12,8,1
1191,0,,,,0
1192,0,,,,0
1193,1,10,13,8,1
1194,1,5,10,8,1
1195,1,12,5,1,1
1196,0,,,,0
1197,1,12,3,8,1
1198,1,5,10,4,0
1199,1,12,11,5,-1
1200,0,,,,1
1201,1,12,1,2,1
1202,1,12,12,2,1
1203,0,,,,1
1204,0,,,,1
1205,1,5,9,8,1
1206,1,12,12,8,1
1207,0,,,,1
1208,1,12,12,5,1
1209,0,,,,1
1210,1,7,12,8,1
1211,1,5,3,8,1
1212,0,,,,0
1213,1,12,5,5,1
1214,0,,,,1
1215,1,12,7,6,1
1216,0,,,,1
1217,1,7,5,3,1
1218,0,,,,0
1219,1,12,12,3,0
1220,0,,,,0
1221,1,8,10,5,1
1222,0,,,,1
1223,0,,,,1
1224,0,,,,1
1225,0,,,,0
1226,0,,,,1
1227,0,,,,1
1228,0,,,,0
1229,0,,,,1
1230,1,12,12,3,1
1231,0,,,,1
1232,1,11,11,8,1
1233,1,5,12,6,1
1234,1,11,11,1,1
1235,1,10,4,2,0
1236,1,5,12,2,0
1237,1,12,11,6,0
1238,0,,,,1
1239,1,12,11,5,1
1240,1,11,12,2,1
1241,1,12,11,8,0
1242,1,2,13,8,1
1243,1,12,2,8,1
1244,1,11,4,2,-1
1245,0,,,,1
1246,1,12,5,3,1
1247,0,,,,0
1248,1,11,3,6,1
1249,0,,,,0
1250,1,7,12,5,0
1251,1,5,12,5,1
1252,1,9,12,8,1
1253,1,12,11,1,0
1254,1,12,9,8,1
1255,1,10,3,8,0
1256,1,8,12,8,1
1257,1,10,12,2,0
1258,1,7,8,3,1
1259,1,12,12,2,1
1260,1,5,9,5,0
1261,1,3,3,8,0
1262,1,10,12,8,0
1263,1,9,11,3,1
1264,1,11,9,2,0
1265,1,12,2,3,0
1266,0,,,,0
1267,0,,,,0
1268,0,,,,0
1269,0,,,,1
1270,1,12,11,2,1
1271,0,,,,1
1272,0,,,,0
1273,1,11,8,2,1
1274,1,12,12,5,0
1275,1,11,5,5,0
1276,0,,,,1
1277,0,,,,1
1278,0,,,,1
1279,0,,,,1
1280,1,10,12,8,1
1281,0,,,,0
1282,1,11,13,2,1
1283,0,,,,1
1284,1,12,12,5,1
1285,0,,,,1
1286,1,8,12,5,1
1287,1,6,11,8,0
1288,0,,,,1
1289,1,10,10,8,0
1290,1,10,10,8,0
1291,1,10,10,6,0
1292,1,12,5,1,1
1293,1,11,5,2,1
1294,0,,,,0
1295,1,12,12,2,1
1296,0,,,,1
1297,0,,,,1
1298,1,11,11,5,1
1299,1,8,9,5,1
1300,1,11,2,8,1
1301,0,,,,1
1302,0,,,,1
1303,0,,,,1
1304,0,,,,1
1305,1,10,12,6,0
1306,1,10,8,5,0
1307,1,12,6,5,0
1308,1,7,12,8,0
1309,1,12,9,8,0
1310,1,12,3,8,1
1311,1,10,10,2,0
1312,1,6,12,8,0
1313,1,8,11,8,1
1314,1,5,12,2,0
1315,1,10,1,1,0
1316,1,11,12,2,0
1317,1,10,11,3,1
1318,1,10,10,5,0
1319,1,12,10,8,0
1320,1,10,10,3,0
1321,0,,,,0
1322,1,10,5,2,0
1323,1,11,12,2,1
1324,1,12,5,6,1
1325,1,12,9,5,1
1326,1,7,11,8,1
1327,0,,,,1
1328,1,11,11,8,1
1329,0,,,,0
1330,0,,,,1
1331,1,12,11,8,1
1332,0,,,,0
1333,1,12,12,8,1
1334,0,,,,1
1335,1,11,11,5,1
1336,1,11,11,8,1
1337,1,12,11,5,1
1338,0,,,,1
1339,0,,,,1
1340,0,,,,1
1341,0,,,,1
1342,1,12,6,2,0
1343,1,11,12,8,1
1344,0,,,,1
1345,0,,,,0
1346,0,,,,1
1347,0,,,,1
1348,0,,,,0
1349,1,10,10,2,0
1350,1,10,5,3,0
1351,0,,,,1
1352,0,,,,0
1353,0,,,,1
1354,1,12,12,8,1
1355,1,5,3,2,1
1356,1,12,12,5,1
1357,0,,,,1
1358,0,,,,1
1359,0,,,,1
1360,1,5,5,5,1
1361,0,,,,1
1362,1,12,11,8,1
1363,1,7,11,2,1
1364,1,11,12,2,1
1365,1,11,12,8,0
1366,1,12,10,3,0
1367,0,,,,1
1368,0,,,,1
1369,0,,,,1
1370,1,12,6,2,1
1371,0,,,,0
1372,1,10,5,2,1
1373,1,11,9,2,0
1374,1,12,9,5,1
1375,1,12,12,2,1
1376,1,12,10,5,1
1377,1,5,12,2,1
1378,0,,,,1
1379,1,12,12,5,1
1380,1,5,8,5,1
1381,0,,,,1
1382,1,11,9,8,1
1383,0,,,,0
1384,1,8,11,8,1
1385,0,,,,1
1386,1,9,3,8,1
1387,0,,,,1
1388,1,3,12,2,0
1389,0,,,,0
1390,1,7,7,5,1
1391,1,7,12,3,1
1392,1,10,12,2,0
1393,1,5,12,5,0
1394,1,12,12,5,1
1395,1,6,3,8,1
1396,1,12,3,2,0
1397,1,3,4,2,0
1398,1,7,12,2,1
1399,0,,,,1
1400,0,,,,-1
1401,1,9,5,8,1
1402,1,12,12,5,0
1403,1,10,10,2,1
1404,1,10,10,2,0
1405,1,2,3,8,1
1406,0,,,,1
1407,1,7,12,5,1
1408,1,12,11,8,1
1409,0,,,,1
1410,1,5,5,5,1
1411,0,,,,1
1412,1,5,9,2,1
1413,0,,,,1
1414,1,9,10,2,1
1415,0,,,,1
1416,1,12,12,8,0
1417,0,,,,1
1418,1,12,12,8,1
1419,1,8,5,8,1
1420,0,,,,1
1421,1,12,12,5,1
1422,1,7,7,2,0
1423,0,,,,1
1424,1,9,9,2,1
1425,1,2,3,3,1
1426,1,5,5,2,1
1427,0,,,,1
1428,0,,,,0
1429,1,11,12,6,1
1430,1,9,11,3,1
1431,0,,,,1
1432,1,11,11,2,1
1433,1,11,12,8,1
1434,1,9,11,6,1
1435,1,11,12,5,1
1436,1,10,3,5,1
1437,1,12,12,5,1
1438,1,12,12,8,1
1439,1,12,12,8,1
1440,1,6,6,8,0
1441,0,,,,0
1442,0,,,,1
1443,1,12,12,8,0
1444,0,,,,0
1445,1,12,4,8,1
1446,1,12,12,2,1
1447,0,,,,1
1448,1,11,11,5,1
1449,1,10,12,3,1
1450,1,12,5,5,1
1451,1,3,10,8,0
1452,1,10,5,2,0
1453,0,,,,0
1454,0,,,,0
1455,0,,,,0
1456,1,12,12,8,1
1457,1,12,12,5,1
1458,0,,,,0
1459,1,12,10,8,1
1460,0,,,,0
1461,0,,,,0
1462,1,12,12,8,1
1463,1,5,5,2,0
1464,1,10,10,3,0
1465,1,10,5,2,0
1466,1,10,10,5,1
1467,1,10,12,3,0
1468,1,10,12,8,1
1469,1,10,11,6,1
1470,1,10,12,2,1
1471,1,10,11,5,1
1472,1,10,5,3,1
1473,1,10,11,5,1
1474,1,10,11,8,0
1475,0,,,,1
1476,1,10,10,5,0
1477,1,10,12,2,1
1478,1,12,12,6,1
1479,1,12,11,5,0
1480,0,,,,0
1481,1,11,10,8,0
1482,0,,,,0
1483,0,,,,-1
1484,0,,,,0
1485,1,13,10,2,1
1486,1,4,4,3,1
1487,1,11,10,5,1
1488,0,,,,0
1489,0,,,,1
1490,0,,,,0
1491,1,5,10,6,1
1492,0,,,,1
1493,1,12,1,8,0
1494,0,,,,1
1495,1,11,12,8,1
1496,0,,,,0
1497,1,10,11,8,0
1498,0,,,,0
1499,1,12,12,6,0
1500,1,12,12,5,0
1501,0,,,,1
1502,0,,,,1
1503,1,11,10,8,1
1504,1,10,12,2,1
1505,1,7,12,8,1
1506,1,5,7,5,1
1507,1,11,4,8,1
1508,0,,,,1
1509,0,,,,1
1510,1,4,11,2,1
1511,1,12,11,3,1
1512,1,7,7,3,0
1513,1,10,10,2,1
1514,1,11,4,8,1
1515,0,,,,-1
1516,1,5,5,5,1
1517,0,,,,0
1518,1,12,9,2,1
1519,1,11,13,3,1
1520,0,,,,0
1521,0,,,,1
1522,1,10,12,2,1
1523,1,10,3,8,1
1524,1,10,12,2,1
1525,0,,,,0
1526,1,10,5,8,1
1527,0,,,,1
1528,1,12,10,5,1
1529,1,11,11,8,0
1530,0,,,,0
1531,0,,,,1
1532,1,11,12,8,0
1533,1,3,10,5,1
1534,0,,,,1
1535,1,12,10,5,1
1536,1,3,12,2,1
1537,1,5,5,5,1
1538,1,12,12,2,1
1539,1,12,9,3,0
1540,0,,,,1
1541,1,,,5,1
1542,1,10,5,2,1
1543,1,10,10,2,0
1544,1,10,10,8,1
1545,1,12,10,8,1
1546,1,9,12,3,1
1547,0,,,,1
1548,1,10,11,8,1
1549,1,5,5,5,1
1550,0,,,,0
1551,0,,,,1
1552,1,7,10,8,0
1553,0,,,,0
1554,1,12,3,2,1
1555,0,,,,1
1556,0,,,,0
1557,0,,,,1
1558,1,12,12,3,1
1559,0,,,,0
1560,0,,,,0
1561,0,,,,1
1562,1,11,11,6,1
1563,1,12,12,5,1
1564,1,7,5,1,1
1565,1,7,12,8,1
1566,1,10,11,5,1
1567,1,7,9,3,1
1568,1,12,13,2,1
1569,0,,,,1
1570,1,11,10,8,1
1571,1,13,9,2,0
1572,0,,,,1
1573,1,12,13,3,0
1574,1,8,11,8,1
1575,0,,,,0
1576,1,12,11,3,1
1577,0,,,,0
1578,1,7,7,2,1
1579,1,13,12,5,1
1580,1,11,11,2,1
1581,0,,,,0
1582,0,,,,0
1583,0,,,,0
1584,1,11,10,2,1
1585,1,5,5,5,1
1586,1,12,9,2,1
1587,1,12,10,5,1
1588,0,,,,0
1589,1,7,10,5,1
1590,0,,,,1
1591,1,5,11,5,1
1592,0,,,,1
1593,1,5,11,5,0
1594,1,12,12,8,0
1595,1,12,10,8,0
1596,0,,,,0
1597,1,12,12,5,1
1598,1,3,3,2,0
1599,0,,,,1
1600,0,,,,1
1601,1,11,12,2,1
1602,0,,,,1
1603,0,,,,1
1604,0,,,,1
1605,0,,,,1
1606,0,,,,1
1607,1,10,12,5,0
1608,1,10,5,8,1
1609,1,10,5,8,1
1610,1,12,12,8,1
1611,1,12,3,2,1
1612,0,,,,1
1613,1,7,5,5,1
1614,1,11,5,5,1
1615,1,13,12,2,1
1616,1,12,12,3,1
1617,1,5,12,3,1
1618,1,12,12,2,1
1619,0,,,,1
1620,1,12,3,8,1
1621,0,,,,1
1622,1,5,10,2,1
1623,1,12,3,5,1
1624,1,12,3,3,1
1625,1,12,12,8,1
1626,1,12,12,5,1
1627,1,12,9,8,1
1628,1,12,3,3,1
1629,1,10,12,8,1
1630,1,12,3,2,1
1631,0,,,,1
1632,1,5,5,2,0
1633,1,12,5,2,1
1634,1,7,7,8,1
1635,1,12,7,5,1
1636,1,12,11,2,0
1637,1,12,11,2,1
1638,1,12,9,5,1
1639,1,7,9,6,1
1640,0,,,,1
1641,0,,,,1
1642,1,12,12,3,1
1643,1,10,12,5,1
1644,1,12,10,3,1
1645,0,,,,1
1646,1,3,3,5,0
1647,0,,,,1
1648,1,12,11,7,0
1649,1,12,12,5,1
1650,1,5,5,6,1
1651,1,10,10,7,1
1652,0,,,,1
1653,1,12,11,5,1
1654,1,12,3,5,1
1655,0,,,,1
1656,0,,,,1
1657,0,,,,0
1658,0,,,,1
1659,0,,,,0
1660,1,12,12,5,1
1661,0,,,,1
1662,1,12,12,5,1
1663,1,10,12,7,1
1664,1,13,10,7,1
1665,0,,,,0
1666,1,12,9,5,1
1667,1,10,2,5,1
1668,1,10,12,5,1
1669,1,12,12,5,1
1670,1,10,11,5,1
1671,0,,,,1
1672,1,12,5,5,1
1673,1,11,6,5,1
1674,0,,,,0
1675,0,,,,1
1676,0,,,,1
1677,1,10,12,5,1
1678,1,12,3,5,0
1679,1,10,5,5,1
1680,1,7,10,5,1
1681,1,2,12,5,0
1682,0,,,,1
1683,1,12,12,5,0
1684,1,7,10,5,0
1685,1,7,11,5,1
1686,1,9,5,5,0
1687,0,,,,0
1688,1,11,11,5,0
1689,1,3,11,5,1
1690,1,5,9,6,1
1691,1,12,9,5,1
1692,0,,,,1
1693,1,7,10,7,1
1694,1,12,3,5,1
1695,1,10,12,5,1
1696,1,5,5,3,1
1697,1,4,10,3,1
1698,1,7,7,5,1
1699,1,10,9,6,1
1700,1,12,9,5,1
1701,1,12,10,5,1
1702,1,10,10,5,1
1703,1,10,12,5,1
1704,1,5,10,5,1
1705,1,11,12,3,1
1706,0,,,,0
1707,1,10,13,5,1
1708,1,9,8,3,1
1709,1,3,9,5,1
1710,0,,,,1
1711,0,,,,0
1712,1,5,10,8,1
1713,1,5,7,5,1
1714,1,5,10,4,1
1715,1,7,9,5,1
1716,1,12,10,5,1
1717,0,,,,0
1718,1,3,5,6,1
1719,1,12,10,5,1
1720,1,7,12,5,1
1721,1,7,7,5,1
1722,1,12,9,5,1
1723,1,11,5,5,1
1724,1,11,10,7,1
1725,1,12,10,5,0
1726,1,10,3,5,1
1727,1,10,2,8,1
1728,0,,,,1
1729,0,,,,1
1730,1,12,3,5,0
1731,0,,,,1
1732,1,11,9,7,1
1733,0,,,,1
1734,0,,,,1
1735,1,12,13,7,1
1736,1,12,9,8,1
1737,1,5,3,5,1
1738,1,12,11,8,1
1739,1,12,8,5,1
1740,0,,,,1
1741,1,10,3,5,1
1742,1,9,12,3,1
1743,1,3,12,5,1
1744,1,12,12,5,1
1745,1,10,10,3,1
1746,1,4,12,5,1
1747,1,12,3,5,1
1748,1,12,5,5,1
1749,1,12,12,5,1
1750,1,12,12,5,1
1751,1,3,10,5,1
1752,0,,,,1
1753,1,11,11,3,1
1754,0,,,,1
1755,1,3,10,7,1
1756,1,11,12,5,1
1757,1,10,10,5,1
1758,1,12,9,5,1
1759,1,12,12,5,1
1760,0,,,,1
1761,1,10,10,3,0
1762,1,12,10,5,1
1763,0,,,,0
1764,1,12,12,5,1
1765,1,12,3,5,1
1766,0,,,,1
1767,0,,,,0
1768,1,5,5,5,0
1769,0,,,,0
1770,1,12,3,5,1
1771,1,5,2,8,0
1772,1,5,12,6,0
1773,0,,,,1
1774,0,,,,1
1775,1,12,3,8,0
1776,1,11,5,8,1
1777,1,11,9,8,0
1778,1,12,12,5,1
1779,1,12,11,3,1
1780,1,9,10,5,1
1781,1,12,12,5,1
1782,1,12,11,8,1
1783,0,,,,0
1784,1,10,9,7,1
1785,1,12,11,3,1
1786,1,12,3,3,1
1787,1,11,12,8,1
1788,1,12,8,3,1
1789,1,7,12,8,1
1790,1,12,3,5,1
1791,1,5,3,6,1
1792,1,12,6,5,0
1793,1,4,12,8,0
1794,1,7,5,5,1
1795,0,,,,1
1796,0,,,,1
1797,1,12,12,5,1
1798,0,,,,1
1799,1,10,12,5,1
1800,1,10,3,5,1
1801,1,12,11,5,1
1802,1,5,12,5,1
1803,1,12,7,5,1
1804,1,10,12,8,1
1805,1,9,12,6,1
1806,1,12,3,5,1
1807,1,11,11,5,1
1808,1,9,11,5,1
1809,1,3,8,5,1
1810,1,11,11,5,1
1811,1,9,3,5,1
1812,1,11,12,5,1
1813,1,11,3,6,1
1814,1,10,11,5,0
1815,1,12,5,5,0
1816,1,12,12,5,1
1817,1,12,12,5,1
1818,1,10,7,7,0
1819,1,11,11,4,1
1820,0,,,,1
1821,1,12,3,5,1
1822,1,12,13,5,1
1823,1,12,12,8,1
1824,1,12,12,2,0
1825,1,12,12,5,1
1826,1,12,9,5,1
1827,0,,,,0
1828,1,12,11,8,0
1829,1,3,3,8,0
1830,1,3,9,5,0
1831,1,10,9,7,1
1832,1,5,5,8,1
1833,0,,,,1
1834,1,11,12,5,1
1835,1,12,10,5,1
1836,1,5,3,6,1
1837,1,7,12,5,1
1838,0,,,,1
1839,1,7,12,5,1
1840,1,5,5,5,1
1841,0,,,,1
1842,1,5,12,5,1
1843,1,11,3,5,1
1844,1,5,12,5,1
1845,0,,,,0
1846,1,11,11,5,1
1847,0,,,,1
1848,1,12,5,5,1
1849,1,12,12,5,1
1850,1,7,8,5,1
1851,0,,,,0
1852,1,12,11,5,1
1853,1,12,12,5,1
1854,1,5,11,5,1
1855,1,11,3,3,0
1856,0,,,,1
1857,1,11,12,5,1
1858,0,,,,1
1859,0,,,,1
1860,0,,,,0
1861,0,,,,1
1862,1,9,12,5,1
1863,1,10,10,5,1
1864,1,5,12,5,1
1865,1,12,12,5,1
1866,1,10,11,5,1
1867,1,5,11,5,1
1868,1,12,3,5,1
1869,1,3,12,5,1
1870,1,12,7,5,1
1871,1,12,9,8,1
1872,1,12,3,5,1
1873,1,12,10,8,1
1874,0,,,,1
1875,1,7,12,5,1
1876,1,10,3,5,1
1877,0,,,,0
1878,0,,,,0
1879,0,,,,1
1880,1,12,5,4,1
1881,1,12,13,5,0
1882,1,4,11,4,1
1883,1,12,3,5,0
1884,1,5,3,4,1
1885,1,12,12,5,1
1886,1,7,7,5,1
1887,1,5,5,8,1
1888,1,12,12,8,1
1889,1,5,5,8,1
1890,1,12,11,8,1
1891,1,12,12,5,1
1892,1,12,5,6,1
1893,1,12,12,5,1
1894,1,5,5,8,1
1895,1,12,12,8,1
1896,1,12,10,5,0
1897,1,12,9,5,1
1898,1,5,3,4,0
1899,1,5,7,5,0
1900,1,12,11,5,0
1901,1,12,12,6,0
1902,1,10,10,5,0
1903,1,7,5,5,1
1904,1,10,9,6,1
1905,1,10,10,6,1
1906,1,12,11,5,1
1907,1,11,11,5,-1
1908,1,13,11,5,-1
1909,0,,,,1
1910,1,5,5,5,1
1911,0,,,,0
1912,0,,,,0
1913,0,,,,1
1914,1,12,11,5,1
1915,0,,,,1
1916,1,12,11,3,1
1917,1,10,5,8,1
1918,1,5,12,6,1
1919,1,10,7,5,1
1920,1,12,12,5,1
1921,1,5,13,5,1
1922,1,12,12,5,0
1923,1,12,11,5,1
1924,0,,,,1
1925,0,,,,1
1926,1,11,3,5,1
1927,1,12,11,5,1
1928,1,12,12,5,0
1929,1,5,12,5,1
1930,1,11,13,5,1
1931,0,,,,0
1932,0,,,,1
1933,1,5,9,6,1
1934,1,5,12,6,1
1935,1,12,11,3,1
1936,0,,,,0
1937,1,12,10,3,1
1938,1,9,9,8,1
1939,1,12,12,6,1
1940,1,12,12,6,1
1941,1,10,12,7,1
1942,1,12,3,3,1
1943,1,11,3,6,1
1944,0,,,,1
1945,1,12,3,5,1
1946,1,12,12,5,1
1947,1,12,10,5,1
1948,1,10,3,3,1
1949,1,10,5,5,1
1950,1,10,10,5,1
1951,1,10,12,5,1
1952,0,,,,0
1953,1,7,3,3,1
1954,1,10,10,3,1
1955,1,11,11,8,1
1956,1,12,13,5,1
1957,1,12,10,5,0
1958,1,7,7,5,1
1959,1,11,10,5,1
1960,1,10,10,3,1
1961,1,11,12,5,1
1962,0,,,,1
1963,1,12,10,5,1
1964,1,10,3,5,1
1965,0,,,,1
1966,0,,,,1
1967,1,10,3,5,1
1968,1,8,10,5,1
1969,1,10,12,5,1
1970,1,12,11,5,1
1971,1,12,10,5,0
1972,1,7,12,8,1
1973,1,5,5,5,0
1974,1,12,3,6,1
1975,1,12,11,5,0
1976,0,,,,0
1977,1,12,12,5,1
1978,0,,,,1
1979,1,12,12,5,1
1980,1,10,10,5,1
1981,0,,,,0
1982,0,,,,1
1983,0,,,,1
1984,1,5,5,5,1
1985,0,,,,1
1986,0,,,,0
1987,0,,,,1
1988,0,,,,1
1989,1,5,3,6,1
1990,0,,,,1
1991,1,11,2,5,1
1992,1,12,5,5,1
1993,1,9,12,5,1
1994,1,9,11,5,1
1995,1,12,12,5,1
1996,1,12,12,5,1
1997,0,,,,1
1998,0,,,,0
1999,1,7,3,5,1
2000,1,11,12,5,1
2001,1,12,12,5,1
2002,1,5,9,6,1
2003,1,5,7,5,1
2004,0,,,,0
2005,1,9,5,6,1
2006,1,10,10,7,0
2007,0,,,,0
2008,0,,,,1
2009,0,,,,0
2010,1,45,10,5,1
2011,0,,,,1
2012,1,12,12,5,0
2013,0,,,,1
2014,0,,,,0
2015,0,,,,0
2016,0,,,,0
2017,0,,,,1
2018,0,,,,1
2019,0,,,,1
2020,0,,,,1
2021,0,,,,0
2022,1,3,12,5,1
2023,1,12,12,5,1
2024,0,,,,0
2025,1,12,12,5,1
2026,0,,,,1
2027,1,12,12,5,0
2028,0,,,,0
2029,1,10,10,5,0
2030,1,12,12,5,1
2031,1,12,12,5,1
2032,0,,,,1
2033,1,5,1,5,1
2034,1,12,10,5,1
2035,1,12,10,3,1
2036,0,,,,1
2037,0,,,,0
2038,1,12,10,7,1
2039,1,12,12,5,1
2040,0,,,,0
2041,1,7,3,6,0
2042,1,12,3,5,0
2043,0,,,,0
2044,1,3,3,5,0
2045,1,11,2,5,1
2046,1,10,9,6,1
2047,1,12,11,5,1
2048,1,10,11,5,1
2049,0,,,,1
2050,0,,,,1
2051,0,,,,1
2052,0,,,,1
2053,0,,,,1
2054,0,,,,1
2055,0,,,,1
2056,0,,,,1
2057,0,,,,1
2058,0,,,,0
2059,1,11,12,5,1
2060,0,,,,1
2061,0,,,,0
2062,1,12,10,8,1
2063,0,,,,1
2064,0,,,,0
2065,1,12,3,5,1
2066,1,12,9,5,1
2067,0,,,,1
2068,0,,,,1
2069,0,,,,1
2070,0,,,,1
2071,0,,,,1
2072,1,9,5,6,1
2073,1,12,11,5,1
2074,0,,,,0
2075,0,,,,0
2076,0,,,,1
2077,0,,,,1
2078,0,,,,0
2079,0,,,,1
2080,0,,,,0
2081,1,5,5,4,1
2082,1,12,12,5,0
2083,0,,,,1
2084,0,,,,1
2085,0,,,,0
2086,0,,,,1
2087,0,,,,1
2088,0,,,,1
2089,0,,,,1
2090,0,,,,0
2091,1,12,12,5,1
2092,0,,,,1
2093,0,,,,0
2094,0,,,,0
2095,0,,,,0
2096,0,,,,0
2097,1,10,3,5,1
2098,0,,,,0
2099,0,,,,0
2100,0,,,,0
2101,0,,,,0
2102,0,,,,0
2103,0,,,,0
2104,0,,,,0
2105,0,,,,1
2106,1,12,3,5,1
2107,1,12,12,5,1
2108,1,13,3,5,1
2109,0,,,,1
2110,0,,,,1
2111,0,,,,1
2112,0,,,,1
2113,0,,,,1
2114,1,12,12,5,0
2115,1,12,3,5,0
2116,1,12,3,5,1
2117,0,,,,0
2118,1,3,12,5,1
2119,0,,,,0
2120,0,,,,1
2121,0,,,,1
2122,0,,,,0
2123,1,12,9,5,0
2124,0,,,,0
2125,1,12,3,5,1
2126,1,3,12,5,1
2127,0,,,,1
2128,0,,,,1
2129,1,10,12,6,1
2130,1,11,7,5,1
2131,0,,,,0
2132,1,11,12,5,-1
2133,0,,,,1
2134,0,,,,1
2135,1,12,12,5,1
2136,0,,,,1
2137,0,,,,0
2138,1,10,11,5,1
2139,0,,,,1
2140,1,10,5,5,0
2141,0,,,,0
2142,1,12,12,5,1
2143,1,12,13,5,1
2144,0,,,,1
2145,1,13,12,5,1
2146,1,7,10,5,1
2147,0,,,,1
2148,1,10,11,8,1
2149,1,12,12,8,0
2150,1,12,11,5,0
2151,1,12,11,5,1
2152,1,12,11,8,1
2153,0,,,,1
2154,0,,,,1
2155,1,3,10,5,0
2156,0,,,,0
2157,1,10,11,3,0
2158,1,11,8,4,0
2159,0,,,,
2160,0,,,,
2161,0,,,,0
2162,0,,,,
2163,0,,,,0
2164,1,10,12,4,1
2165,0,,,,0
2166,0,,,,0
2167,0,,,,1
2168,1,12,10,4,1
2169,0,,,,1
2170,0,,,,1
2171,0,,,,1
2172,0,,,,1
2173,0,,,,1
2174,1,3,11,6,1
2175,1,5,5,1,1
2176,1,3,3,7,1
2177,1,12,9,8,1
2178,1,12,12,5,1
2179,1,12,10,1,1
2180,1,10,9,6,1
2181,1,5,13,6,1
2182,1,12,12,1,1
2183,1,11,12,7,1
2184,1,7,10,1,1
2185,0,,,,1
2186,1,11,10,1,1
2187,1,9,7,5,1
2188,0,,,,1
2189,1,12,3,8,1
2190,1,12,10,3,1
2191,1,7,10,4,1
2192,1,10,12,1,1
2193,0,,,,1
2194,0,,,,1
2195,0,,,,1
2196,0,,,,0
2197,1,10,12,3,1
2198,1,7,7,6,1
2199,0,,,,1
2200,0,,,,0
2201,0,,,,1
2202,1,12,5,5,1
2203,0,,,,0
2204,1,11,4,2,1
2205,0,,,,0
2206,1,5,5,8,1
2207,1,6,12,2,1
2208,1,12,11,7,1
2209,1,5,12,4,1
2210,1,10,3,4,1
2211,1,12,12,5,1
2212,1,11,12,2,1
2213,0,,,,0
2214,0,,,,0
2215,0,,,,0
2216,0,,,,1
2217,1,7,11,5,1
2218,0,,,,1
2219,0,,,,1
2220,1,12,12,4,1
2221,1,7,5,5,0
2222,1,5,5,3,0
2223,1,11,10,8,0
2224,1,3,10,8,0
2225,1,10,9,5,1
2226,1,5,9,6,1
2227,0,,,,0
2228,1,12,3,2,1
2229,0,,,,1
2230,0,,,,1
2231,0,,,,1
2232,1,12,12,2,1
2233,1,5,12,6,1
2234,1,10,12,3,1
2235,1,10,12,7,1
2236,0,,,,1
2237,1,10,9,3,1
2238,0,,,,0
2239,0,,,,0
2240,1,10,5,1,0
2241,0,,,,0
2242,1,10,10,1,1
2243,1,13,11,2,1
2244,1,10,12,8,0
2245,1,11,3,2,1
2246,0,,,,1
2247,1,10,12,4,1
2248,1,12,12,2,1
2249,0,,,,1
2250,1,10,12,3,1
2251,1,12,11,1,1
2252,1,10,12,1,1
2253,1,10,12,8,1
2254,1,12,12,7,1
2255,1,7,7,8,1
2256,1,12,11,6,0
2257,0,,,,1
2258,0,,,,1
2259,0,,,,0
2260,0,,,,1
2261,0,,,,1
2262,0,,,,0
2263,1,12,2,4,1
2264,0,,,,1
2265,0,,,,1
2266,1,5,5,6,1
2267,0,,,,0
2268,1,11,12,6,1
2269,0,,,,1
2270,1,10,11,4,1
2271,1,10,5,8,1
2272,0,,,,1
2273,0,,,,1
2274,1,12,3,4,1
2275,0,,,,-1
2276,0,,,,1
2277,0,,,,1
2278,1,5,5,8,1
2279,0,,,,0
2280,0,,,,1
2281,0,,,,1
2282,1,12,12,8,1
2283,0,,,,0
2284,0,,,,0
2285,1,11,11,3,1
2286,0,,,,0
2287,1,10,10,8,0
2288,0,,,,0
2289,0,,,,0
2290,0,,,,1
2291,0,,,,0
2292,0,,,,0
2293,0,,,,1
2294,0,,,,1
2295,0,,,,1
2296,0,,,,1
2297,1,5,11,7,1
2298,1,5,11,4,1
2299,0,,,,1
2300,0,,,,1
2301,0,,,,1
2302,0,,,,1
2303,0,,,,1
2304,0,,,,1
2305,0,,,,1
2306,1,3,12,4,1
2307,0,,,,1
2308,1,12,10,1,1
2309,0,,,,1
2310,1,12,3,5,1
2311,0,,,,1
2312,0,,,,1
2313,0,,,,1
2314,1,13,10,1,1
2315,0,,,,1
2316,0,,,,1
2317,1,10,12,4,1
2318,0,,,,1
2319,1,12,12,4,1
2320,1,12,11,5,1
2321,1,10,10,6,1
2322,1,10,10,4,0
2323,0,,,,1
2324,0,,,,1
2325,0,,,,0
2326,0,,,,0
2327,0,,,,1
2328,0,,,,0
2329,0,,,,0
2330,1,12,13,1,0
2331,0,,,,0
2332,1,12,12,7,1
2333,0,,,,1
2334,1,11,10,6,1
2335,0,,,,1
2336,0,,,,1
2337,1,11,12,2,1
2338,0,,,,1
2339,1,12,11,3,1
2340,0,,,,0
2341,0,,,,0
2342,1,12,12,7,1
2343,1,7,12,7,1
2344,1,12,12,3,1
2345,1,11,12,6,0
2346,1,11,10,8,1
2347,1,12,3,5,1
2348,0,,,,1
2349,0,,,,1
2350,0,,,,1
2351,1,12,5,6,1
2352,1,5,5,7,1
2353,0,,,,0
2354,1,5,5,2,1
2355,1,11,5,6,1
2356,0,,,,0
2357,0,,,,1
2358,0,,,,0
2359,0,,,,1
2360,0,,,,1
2361,0,,,,1
2362,0,,,,1
2363,0,,,,1
2364,1,12,11,4,1
2365,1,12,11,4,1
2366,1,11,12,7,0
2367,1,11,11,2,0
2368,1,12,12,6,0
2369,1,12,12,4,0
2370,0,,,,0
2371,0,,,,0
2372,1,11,3,6,1
2373,1,11,11,5,0
2374,1,12,11,8,0
2375,1,11,11,8,0
2376,1,11,11,2,0
2377,1,5,12,4,0
2378,1,9,9,7,1
2379,1,5,5,6,1
2380,1,10,12,3,1
2381,0,,,,0
2382,1,3,12,8,0
2383,1,5,10,6,0
2384,0,,,,0
2385,1,5,9,5,0
2386,1,11,11,6,1
2387,1,12,6,7,1
2388,0,,,,1
2389,1,3,3,7,1
2390,1,10,3,8,0
2391,0,,,,0
2392,1,10,11,5,1
2393,1,10,7,5,1
2394,0,,,,0
2395,0,,,,0
2396,1,5,5,2,0
2397,0,,,,0
2398,0,,,,-1
2399,1,5,12,3,1
2400,1,7,7,3,1
2401,1,12,12,7,1
2402,0,,,,0
2403,1,11,3,8,1
2404,1,7,3,2,1
2405,0,,,,-1
2406,1,12,12,5,1
2407,1,7,11,1,1
2408,1,5,7,1,1
2409,0,,,,1
2410,0,,,,1
2411,0,,,,1
2412,1,5,7,3,1
2413,0,,,,1
2414,1,10,11,8,1
2415,0,,,,1
2416,0,,,,0
2417,1,11,11,1,1
2418,0,,,,1
2419,0,,,,1
2420,0,,,,1
2421,0,,,,1
2422,1,12,12,3,1
2423,0,,,,1
2424,1,12,7,6,1
2425,0,,,,0
2426,1,7,12,1,1
2427,1,12,12,3,0
2428,1,6,11,6,1
2429,1,3,12,1,1
2430,1,7,11,8,1
2431,1,6,10,5,1
2432,1,10,12,3,1
2433,0,,,,1
2434,1,11,12,3,1
2435,0,,,,1
2436,1,11,12,7,1
2437,1,10,12,8,1
2438,0,,,,1
2439,1,12,11,2,1
2440,1,12,3,2,1
2441,1,12,7,3,0
2442,1,12,12,8,1
2443,0,,,,1
2444,0,,,,0
2445,1,10,12,7,1
2446,0,,,,-1
2447,1,5,12,3,1
2448,1,5,5,5,1
2449,1,5,5,4,1
2450,0,,,,1
2451,1,11,11,6,1
2452,0,,,,0
2453,1,12,11,1,1
2454,1,10,9,3,0
2455,1,5,12,2,0
2456,0,,,,0
2457,1,7,3,6,1
2458,1,12,7,5,1
2459,0,,,,0
2460,1,12,10,2,1
2461,1,7,5,5,1
2462,1,7,3,2,1
2463,1,12,3,4,1
2464,0,,,,0
2465,0,,,,1
2466,0,,,,1
2467,1,12,12,1,1
2468,0,,,,1
2469,0,,,,1
2470,0,,,,1
2471,0,,,,1
2472,1,12,12,1,1
2473,0,,,,1
2474,0,,,,0
2475,1,12,12,6,1
2476,0,,,,0
2477,0,,,,0
2478,0,,,,1
2479,1,11,2,7,1
2480,1,12,12,8,1
2481,1,12,10,1,0
2482,0,,,,0
2483,0,,,,0
2484,0,,,,1
2485,0,,,,0
2486,1,11,13,2,1
2487,0,,,,1
2488,1,9,12,1,1
2489,0,,,,0
2490,1,12,12,2,1
2491,0,,,,1
2492,0,,,,1
2493,1,12,12,6,0
2494,1,12,3,7,1
2495,1,12,7,5,1
2496,1,11,6,5,1
2497,1,12,12,2,1
2498,1,7,9,2,1
2499,1,4,13,1,1
2500,0,,,,1
2501,0,,,,0
2502,0,,,,0
2503,0,,,,1
2504,0,,,,1
2505,1,11,10,6,0
2506,1,12,11,6,1
2507,1,5,9,7,1
2508,1,11,3,7,1
2509,0,,,,-1
2510,1,10,5,2,0
2511,1,12,12,1,1
2512,1,10,3,1,1
2513,0,,,,0
2514,1,11,3,3,1
2515,1,5,10,1,1
2516,1,11,11,2,0
2517,1,3,11,5,1
2518,0,,,,0
2519,0,,,,0
2520,0,,,,0
2521,0,,,,1
2522,0,,,,0
2523,0,,,,1
2524,0,,,,0
2525,0,,,,1
2526,1,10,3,1,1
2527,1,10,10,1,0
2528,1,10,12,1,0
2529,1,10,6,3,0
2530,1,10,12,7,1
2531,0,,,,1
2532,0,,,,1
2533,0,,,,1
2534,1,12,3,1,1
2535,1,12,12,5,1
2536,1,9,12,4,1
2537,1,12,9,4,1
2538,1,7,7,1,1
2539,1,12,3,6,1
2540,1,12,12,5,0
2541,1,12,3,2,0
2542,1,7,7,4,0
2543,0,,,,1
2544,1,10,12,7,1
2545,1,12,12,6,1
2546,1,12,12,1,1
2547,0,,,,0
2548,1,10,3,6,1
2549,1,10,3,7,1
2550,1,5,2,2,1
2551,1,11,3,3,1
2552,1,7,7,3,1
2553,0,,,,0
2554,0,,,,1
2555,1,7,12,5,1
2556,0,,,,1
2557,0,,,,1
2558,0,,,,1
2559,0,,,,1
2560,0,,,,0
2561,1,12,11,6,1
2562,0,,,,-1
2563,1,12,3,8,1
2564,1,12,12,1,1
2565,1,12,12,1,1
2566,1,12,12,1,1
2567,1,12,12,5,1
2568,1,12,10,6,1
2569,1,11,11,1,1
2570,1,12,3,5,1
2571,0,,,,0
2572,0,,,,0
2573,0,,,,0
2574,0,,,,1
2575,0,,,,1
2576,0,,,,1
2577,0,,,,1
2578,0,,,,1
2579,1,11,10,4,1
2580,1,10,10,5,1
2581,0,,,,0
2582,1,11,12,3,1
2583,1,10,12,7,1
2584,0,,,,0
2585,1,10,12,5,1
2586,1,10,5,7,1
2587,0,,,,1
2588,1,5,10,2,1
2589,1,3,12,1,1
2590,1,7,3,5,1
2591,1,13,12,2,1
2592,1,3,12,1,1
2593,1,7,12,5,1
2594,1,5,5,7,1
2595,1,11,11,8,1
2596,1,12,12,1,1
2597,1,12,7,8,1
2598,1,10,3,7,1
2599,1,10,3,5,1
2600,1,10,10,2,1
2601,1,9,12,5,0
2602,0,,,,1
2603,0,,,,0
2604,1,9,11,6,1
2605,1,11,11,3,1
2606,1,12,9,1,1
2607,1,12,12,1,1
2608,0,,,,0
2609,0,,,,0
2610,0,,,,0
2611,1,12,12,6,1
2612,1,11,9,6,1
2613,1,12,12,8,1
2614,1,12,11,5,1
2615,1,11,12,4,1
2616,0,,,,0
2617,1,12,7,4,0
2618,0,,,,1
2619,0,,,,1
2620,0,,,,0
2621,1,6,12,7,1
2622,0,,,,0
2623,0,,,,0
2624,0,,,,0
2625,1,12,3,1,1
2626,1,12,12,7,1
2627,0,,,,1
2628,1,12,3,5,1
2629,0,,,,1
2630,1,7,9,3,1
2631,1,11,7,5,1
2632,1,11,7,4,0
2633,1,5,3,5,1
2634,1,12,3,4,1
2635,0,,,,1
2636,0,,,,1
2637,1,10,12,3,1
2638,0,,,,1
2639,0,,,,1
2640,1,10,5,8,1
2641,1,12,2,7,1
2642,1,11,10,5,1
2643,1,11,5,3,1
2644,0,,,,1
2645,0,,,,1
2646,0,,,,1
2647,0,,,,1
2648,1,7,12,6,1
2649,0,,,,1
2650,0,,,,0
2651,0,,,,0
2652,1,12,12,8,1
2653,0,,,,-1
2654,0,,,,1
2655,0,,,,1
2656,1,12,11,8,1
2657,1,5,10,1,1
2658,0,,,,1
2659,0,,,,1
2660,0,,,,1
2661,1,3,3,7,1
2662,0,,,,0
2663,1,5,5,5,1
2664,1,5,5,2,0
2665,0,,,,0
2666,0,,,,0
2667,1,12,7,2,1
2668,1,11,5,2,1
2669,1,5,12,8,1
2670,0,,,,1
2671,0,,,,0
2672,1,12,12,8,1
2673,0,,,,1
2674,0,,,,1
2675,1,12,9,7,1
2676,1,5,2,3,1
2677,0,,,,1
2678,0,,,,1
2679,1,7,12,5,1
2680,1,3,3,8,1
2681,1,3,12,4,1
2682,0,,,,1
2683,0,,,,1
2684,1,10,12,6,1
2685,1,10,3,1,0
2686,1,12,10,2,0
2687,1,10,12,6,1
2688,0,,,,0
2689,1,5,10,1,1
2690,0,,,,1
2691,0,,,,1
2692,0,,,,0
2693,0,,,,1
2694,0,,,,1
2695,0,,,,0
2696,0,,,,1
2697,1,7,12,5,1
2698,0,,,,1
2699,0,,,,1
2700,1,11,11,7,1
2701,0,,,,0
2702,1,5,5,3,1
2703,0,,,,0
2704,1,5,9,8,1
2705,0,,,,1
2706,1,11,12,3,1
2707,1,12,12,6,1
2708,1,10,6,7,1
2709,1,13,11,4,0
2710,0,,,,1
2711,1,13,12,1,0
2712,1,12,6,6,1
2713,1,10,12,8,1
2714,1,10,12,8,1
2715,0,,,,0
2716,1,12,10,1,1
2717,0,,,,0
2718,0,,,,0
2719,0,,,,0
2720,0,,,,0
2721,0,,,,0
2722,1,12,10,6,1
2723,1,10,3,5,1
2724,0,,,,1
2725,1,5,10,8,0
2726,1,5,10,2,1
2727,0,,,,1
2728,0,,,,1
2729,1,10,12,8,1
2730,0,,,,1
2731,1,12,10,3,1
2732,1,12,12,6,1
2733,0,,,,0
2734,0,,,,0
2735,0,,,,0
2736,0,,,,0
2737,1,12,5,2,1
2738,1,12,5,1,1
2739,0,,,,0
2740,1,10,10,7,0
2741,1,10,10,3,0
2742,1,11,10,5,0
2743,1,10,3,6,1
2744,1,11,10,2,1
2745,0,,,,0
2746,1,12,12,3,1
2747,1,12,12,2,0
2748,1,10,9,8,0
2749,1,10,12,4,1
2750,1,10,13,1,1
2751,0,,,,-1
2752,1,5,12,6,1
2753,0,,,,0
2754,1,4,11,6,1
2755,1,7,7,1,1
2756,1,12,10,2,1
2757,1,12,3,4,1
2758,0,,,,0
2759,1,12,11,2,1
2760,1,12,10,8,1
2761,1,12,11,7,1
2762,0,,,,1
2763,0,,,,1
2764,1,12,5,3,0
2765,1,12,12,8,1
2766,0,,,,0
2767,0,,,,0
2768,0,,,,-1
2769,1,10,10,4,1
2770,0,,,,0
2771,0,,,,1
2772,1,10,10,1,1
2773,0,,,,-1
2774,0,,,,0
2775,0,,,,1
2776,0,,,,-1
2777,1,10,1,5,1
2778,1,12,10,1,1
2779,0,,,,0
2780,1,5,10,3,0
2781,1,11,12,8,1
2782,0,,,,0
2783,0,,,,1
2784,1,12,3,1,1
2785,1,12,9,8,1
2786,1,12,10,7,1
2787,1,7,12,8,1
2788,0,,,,1
2789,1,12,10,7,1
2790,1,12,12,6,1
2791,0,,,,1
2792,1,12,9,3,1
2793,0,,,,0
2794,1,12,12,3,1
2795,1,12,7,3,0
2796,1,10,10,3,0
2797,0,,,,0
2798,0,,,,1
2799,1,3,12,5,1
2800,1,12,11,6,1
2801,0,,,,1
2802,0,,,,0
2803,1,9,9,7,1
2804,1,6,3,1,1
2805,0,,,,-1
2806,1,10,2,3,0
2807,1,10,9,3,1
2808,1,4,9,8,1
2809,1,10,3,8,1
2810,1,5,11,8,1
2811,1,5,7,8,0
2812,1,3,10,8,1
2813,1,5,3,3,1
2814,1,5,5,8,1
2815,1,11,6,8,1
2816,1,10,12,8,1
2817,1,5,12,3,1
2818,0,,,,1
2819,1,10,11,5,1
2820,1,10,12,8,1
2821,0,,,,1
2822,1,10,3,8,1
2823,1,12,7,8,0
2824,1,10,12,3,1
2825,1,10,12,8,0
2826,1,10,3,2,1
2827,1,10,12,7,0
2828,1,10,12,3,1
2829,1,12,11,3,1
2830,0,,,,1
2831,1,10,12,3,1
2832,0,,,,1
2833,1,12,9,3,1
2834,1,12,9,8,1
2835,1,12,12,3,1
2836,1,12,3,8,1
2837,1,11,3,8,1
2838,0,,,,1
2839,1,12,10,2,1
2840,0,,,,1
2841,1,12,12,5,1
2842,0,,,,1
2843,0,,,,1
2844,1,11,7,8,1
2845,0,,,,1
2846,1,12,10,6,1
2847,1,13,5,8,1
2848,0,,,,1
2849,0,,,,1
2850,1,12,10,6,1
2851,1,12,12,3,1
2852,0,,,,1
2853,1,12,12,3,1
2854,1,12,8,3,1
2855,1,12,11,3,1
2856,0,,,,1
2857,1,12,6,1,1
2858,1,7,12,3,1
2859,0,,,,0
2860,1,12,12,1,1
2861,1,12,11,8,1
2862,1,10,12,2,0
2863,1,3,6,3,1
2864,1,11,12,8,1
2865,1,10,11,3,1
2866,0,,,,1
2867,1,12,12,8,1
2868,0,,,,1
2869,0,,,,1
2870,1,12,11,2,1
2871,1,7,3,8,0
2872,0,,,,1
2873,1,11,12,5,1
2874,0,,,,1
2875,0,,,,0
2876,0,,,,1
2877,1,12,3,8,1
2878,0,,,,0
2879,0,,,,0
2880,0,,,,1
2881,1,2,10,5,1
2882,1,10,5,8,1
2883,0,,,,0
2884,1,10,11,5,1
2885,0,,,,1
2886,1,10,5,8,1
2887,1,10,10,3,1
2888,1,10,3,3,1
2889,1,11,10,1,0
2890,1,5,4,3,1
2891,1,12,12,8,0
2892,0,,,,0
2893,1,12,11,3,1
2894,0,,,,0
2895,1,11,10,5,1
2896,0,,,,1
2897,0,,,,0
2898,1,11,11,5,1
2899,0,,,,1
2900,0,,,,1
2901,0,,,,1
2902,0,,,,1
2903,0,,,,1
2904,1,12,10,8,0
2905,0,,,,0
2906,1,12,12,5,1
2907,1,10,12,5,1
2908,1,12,11,3,1
2909,1,12,6,6,1
2910,1,10,7,3,0
2911,0,,,,0
2912,0,,,,0
2913,1,4,10,2,1
2914,0,,,,0
2915,0,,,,0
2916,0,,,,0
2917,0,,,,0
2918,0,,,,0
2919,0,,,,0
2920,0,,,,0
2921,1,12,11,8,1
2922,1,7,12,8,0
2923,1,11,12,5,1
2924,1,12,10,5,1
2925,0,,,,0
2926,0,,,,0
2927,0,,,,1
2928,0,,,,0
2929,1,7,12,1,0
2930,0,,,,0
2931,1,12,11,8,1
2932,0,,,,1
2933,0,,,,0
2934,1,7,10,8,1
2935,0,,,,1
2936,0,,,,0
2937,1,4,12,3,1
2938,1,11,12,3,0
2939,0,,,,0
2940,1,11,10,5,1
2941,0,,,,0
2942,1,12,6,8,1
2943,1,11,10,1,1
2944,1,12,12,8,1
2945,0,,,,0
2946,0,,,,0
2947,1,6,12,3,1
2948,1,12,11,2,1
2949,1,9,5,2,1
2950,0,,,,0
2951,1,10,10,5,1
2952,0,,,,1
2953,0,,,,1
2954,1,12,12,7,1
2955,1,10,10,8,1
2956,1,12,11,8,1
2957,0,,,,1
2958,1,11,3,3,1
2959,1,7,10,5,1
2960,1,3,12,5,0
2961,1,11,12,7,1
2962,0,,,,1
2963,1,5,3,2,1
2964,0,,,,1
2965,1,12,12,1,1
2966,1,5,12,1,1
2967,1,12,11,5,1
2968,1,10,12,3,1
2969,1,4,12,8,1
2970,1,10,12,8,0
2971,1,12,5,8,1
2972,1,4,12,5,1
2973,1,12,12,8,1
2974,1,12,4,1,1
2975,0,,,,1
2976,1,12,12,6,1
2977,0,,,,-1
2978,1,12,11,2,1
2979,1,12,12,1,1
2980,1,5,10,5,1
2981,1,5,12,5,1
2982,1,12,12,1,1
2983,1,8,12,1,1
2984,1,12,11,2,1
2985,1,12,12,5,1
2986,1,12,11,5,1
2987,1,12,10,8,1
2988,0,,,,0
2989,0,,,,1
2990,0,,,,1
2991,1,11,7,1,1
2992,1,7,5,5,1
2993,1,12,12,8,1
2994,1,2,10,3,1
2995,0,,,,1
2996,1,12,12,5,1
2997,1,5,12,8,1
2998,1,12,12,3,1
2999,1,8,9,3,1
3000,0,,,,0
3001,1,2,12,5,1
3002,1,12,10,8,1
3003,0,,,,0
3004,1,10,12,8,0
3005,0,,,,1
3006,1,12,11,1,1
3007,0,,,,1
3008,0,,,,0
3009,0,,,,1
3010,1,12,10,5,1
3011,0,,,,1
3012,0,,,,0
3013,1,12,12,5,1
3014,0,,,,1
3015,0,,,,1
3016,0,,,,1
3017,0,,,,1
3018,1,5,12,5,0
3019,0,,,,1
3020,0,,,,1
3021,0,,,,1
3022,0,,,,0
3023,0,,,,0
3024,0,,,,-1
3025,1,12,9,1,1
3026,1,5,10,3,1
3027,0,,,,0
3028,0,,,,0
3029,0,,,,1
3030,1,9,12,3,1
3031,1,5,9,5,1
3032,1,5,3,5,1
3033,1,11,4,6,1
3034,1,12,11,3,1
3035,1,12,12,5,1
3036,1,12,5,8,1
3037,0,,,,-1
3038,1,2,12,3,1
3039,0,,,,-1
3040,1,12,10,5,1
3041,0,,,,-1
3042,0,,,,-1
3043,1,12,12,3,1
3044,0,,,,1
3045,0,,,,1
3046,0,,,,1
3047,0,,,,1
3048,1,9,12,5,1
3049,1,12,10,6,1
3050,1,12,4,8,1
3051,0,,,,0
3052,1,12,3,5,1
3053,1,11,7,8,1
3054,1,5,12,5,1
3055,0,,,,1
3056,1,2,12,3,1
3057,0,,,,1
3058,1,12,10,8,0
3059,0,,,,1
3060,0,,,,1
3061,0,,,,1
3062,0,,,,1
3063,1,5,9,5,1
3064,1,11,11,6,0
3065,1,11,11,3,1
3066,0,,,,1
3067,1,12,10,3,1
3068,0,,,,0
3069,0,,,,0
3070,0,,,,0
3071,1,5,12,8,1
3072,0,,,,1
3073,0,,,,1
3074,0,,,,1
3075,0,,,,1
3076,1,3,9,5,1
3077,1,12,12,8,1
3078,0,,,,1
3079,1,12,8,3,1
3080,1,12,8,5,1
3081,0,,,,0
3082,0,,,,0
3083,1,12,11,8,0
3084,1,10,5,8,0
3085,1,10,5,3,0
3086,1,5,10,6,1
3087,1,7,9,5,1
3088,0,,,,1
3089,1,12,4,3,1
3090,1,12,4,5,0
3091,1,10,12,6,1
3092,0,,,,1
3093,0,,,,0
3094,1,10,5,5,1
3095,1,10,9,8,1
3096,1,12,12,2,1
3097,0,,,,-1
3098,1,12,12,3,1
3099,1,11,12,3,1
3100,1,12,12,2,0
3101,1,12,12,3,1
3102,0,,,,-1
3103,0,,,,0
3104,1,5,11,8,1
3105,1,12,12,5,1
3106,1,12,12,8,1
3107,1,11,12,8,0
3108,1,10,5,5,0
3109,0,,,,-1
3110,1,5,11,8,0
3111,1,3,10,6,1
3112,1,7,11,5,0
3113,1,12,12,3,0
3114,1,10,10,3,1
3115,1,11,9,5,1
3116,1,5,12,5,1
3117,1,11,12,8,1
3118,0,,,,0
3119,1,10,1,3,1
3120,0,,,,1
3121,0,,,,1
3122,1,12,10,8,0
3123,0,,,,1
3124,0,,,,0
3125,1,5,12,1,1
3126,1,12,12,8,1
3127,0,,,,1
3128,0,,,,1
3129,1,12,12,8,1
3130,1,12,11,8,1
3131,1,12,11,5,1
3132,0,,,,1
3133,1,12,9,7,1
3134,1,12,5,8,1
3135,0,,,,1
3136,0,,,,1
3137,1,12,12,5,1
3138,1,12,10,8,1
3139,0,,,,1
3140,1,12,12,3,1
3141,1,12,8,5,0
3142,0,,,,1
3143,0,,,,0
3144,0,,,,1
3145,1,5,11,8,1
3146,1,12,12,5,1
3147,0,,,,1
3148,0,,,,1
3149,1,2,11,5,1
3150,0,,,,0
3151,0,,,,1
3152,0,,,,1
3153,0,,,,0
3154,0,,,,1
3155,0,,,,1
3156,0,,,,1
3157,0,,,,1
3158,1,10,12,3,1
3159,1,10,9,5,1
3160,1,10,12,8,1
3161,1,10,12,8,1
3162,1,12,3,3,1
3163,1,12,12,8,1
3164,0,,,,0
3165,1,10,12,8,1
3166,1,10,12,5,1
3167,1,12,12,8,1
3168,0,,,,0
3169,1,12,10,5,1
3170,0,,,,0
3171,0,,,,1
3172,0,,,,0
3173,0,,,,1
3174,0,,,,1
3175,1,12,12,2,1
3176,0,,,,1
3177,0,,,,1
3178,1,11,10,8,1
3179,0,,,,0
3180,0,,,,0
3181,0,,,,0
3182,0,,,,0
3183,0,,,,0
3184,0,,,,0
3185,1,12,12,5,1
3186,0,,,,1
3187,0,,,,1
3188,0,,,,1
3189,1,12,10,3,1
3190,0,,,,1
3191,0,,,,1
3192,1,5,12,3,1
3193,1,4,12,5,1
3194,0,,,,0
3195,1,11,10,3,0
3196,0,,,,1
3197,1,12,12,8,1
3198,1,12,12,3,1
3199,1,11,3,8,0
3200,0,,,,0
3201,1,11,11,5,1
3202,0,,,,0
3203,1,12,12,8,0
3204,1,12,12,5,1
3205,0,,,,0
3206,0,,,,1
3207,0,,,,-1
3208,0,,,,0
3209,0,,,,1
3210,0,,,,1
3211,0,,,,0
3212,0,,,,1
3213,1,11,12,8,0
3214,1,11,9,3,1
3215,1,7,5,3,1
3216,1,12,3,3,1
3217,1,10,4,5,0
3218,1,10,12,8,1
3219,0,,,,1
3220,0,,,,1
3221,0,,,,1
3222,0,,,,1
3223,0,,,,-1
3224,0,,,,1
3225,0,,,,1
3226,1,12,10,5,0
3227,1,12,10,2,0
3228,0,,,,1
3229,0,,,,1
3230,0,,,,0
3231,1,12,10,5,1
3232,0,,,,1
3233,1,12,10,8,1
3234,1,12,12,8,0
3235,0,,,,0
3236,0,,,,0
3237,1,12,11,5,1
3238,0,,,,1
3239,0,,,,0
3240,1,6,10,8,1
3241,1,11,10,5,1
3242,0,,,,0
3243,0,,,,0
3244,0,,,,1
3245,1,2,11,5,1
3246,0,,,,1
3247,0,,,,1
3248,1,11,12,6,1
3249,1,12,12,3,1
3250,0,,,,1
3251,0,,,,1
3252,0,,,,1
3253,0,,,,1
3254,0,,,,1
3255,0,,,,1
3256,1,7,7,3,1
3257,1,11,10,6,1
3258,0,,,,1
3259,0,,,,1
3260,1,12,12,3,1
3261,1,10,12,8,1
3262,0,,,,0
3263,1,7,5,6,1
3264,1,7,5,5,1
3265,0,,,,1
3266,1,12,12,1,1
3267,0,,,,0
3268,1,11,12,3,1
3269,0,,,,0
3270,1,5,10,8,1
3271,0,,,,0
3272,0,,,,0
3273,0,,,,0
3274,0,,,,-1
3275,0,,,,1
3276,0,,,,1
3277,0,,,,1
3278,0,,,,1
3279,1,12,11,3,1
3280,1,9,12,8,1
3281,1,12,12,3,1
3282,1,12,11,5,1
3283,0,,,,1
3284,0,,,,0
3285,0,,,,0
3286,0,,,,0
3287,0,,,,0
3288,0,,,,0
3289,0,,,,1
3290,0,,,,0
3291,0,,,,0
3292,0,,,,0
3293,0,,,,1
3294,0,,,,0
3295,0,,,,1
3296,0,,,,1
3297,0,,,,0
3298,0,,,,0
3299,0,,,,-1
3300,0,,,,0
3301,1,12,12,8,0
3302,1,12,3,5,1
3303,1,12,4,6,1
3304,1,10,12,3,1
3305,1,11,4,8,1
3306,0,,,,1
3307,1,12,12,5,1
3308,0,,,,1
3309,1,11,11,8,1
3310,1,10,12,5,1
3311,1,11,12,3,1
3312,0,,,,0
3313,0,,,,0
3314,1,3,12,8,1
3315,1,3,5,2,1
3316,1,10,12,5,1
3317,1,10,10,5,1
3318,1,11,12,3,1
3319,1,10,10,8,0
3320,1,7,10,5,0
3321,1,12,6,3,1
3322,1,7,4,5,1
3323,0,,,,1
3324,1,12,5,5,1
3325,1,7,10,3,1
3326,1,12,3,3,1
3327,1,12,10,6,1
3328,0,,,,1
3329,1,5,10,6,0
3330,1,12,10,8,0
3331,1,11,9,5,1
3332,1,12,10,8,1
3333,1,12,11,3,1
3334,1,11,5,3,1
3335,1,3,7,5,0
3336,1,11,11,8,1
3337,1,12,10,6,1
3338,0,,,,1
3339,0,,,,1
3340,1,12,12,8,1
3341,1,12,12,5,0
3342,0,,,,1
3343,1,12,4,3,1
3344,1,10,10,8,1
3345,1,10,10,8,0
3346,1,5,9,5,0
3347,0,,,,0
3348,1,12,3,3,1
3349,1,5,12,1,1
3350,1,3,5,8,1
3351,0,,,,0
3352,1,3,9,3,1
3353,1,7,3,5,0
3354,1,10,11,8,1
3355,1,12,12,2,1
3356,1,12,12,1,0
3357,1,10,12,8,1
3358,1,10,11,6,1
3359,1,10,5,3,1
3360,0,,,,1
3361,1,12,2,8,1
3362,0,,,,0
3363,0,,,,1
3364,0,,,,0
3365,0,,,,1
3366,0,,,,1
3367,1,11,12,3,1
3368,1,7,9,8,1
3369,0,,,,0
3370,1,11,5,5,0
3371,1,11,3,8,1
3372,1,5,10,3,0
3373,0,,,,0
3374,1,12,12,3,1
3375,1,4,7,8,0
3376,1,12,12,2,0
3377,1,10,12,8,1
3378,1,4,7,5,1
3379,1,5,11,8,1
3380,1,6,10,5,1
3381,1,12,10,3,1
3382,1,12,12,8,0
3383,0,,,,
3384,0,,,,0
3385,0,,,,0
3386,0,,,,
3387,0,,,,0
3388,0,,,,1
3389,0,,,,1
3390,1,12,9,6,1
3391,1,10,10,1,1
3392,1,12,5,8,1
3393,1,12,12,5,1
3394,0,,,,1
3395,1,5,12,1,0
3396,1,3,12,2,1
3397,0,,,,1
3398,0,,,,0
3399,0,,,,-1
3400,1,5,3,5,0
3401,1,12,12,6,1
3402,1,11,3,5,0
3403,1,5,9,8,1
3404,1,12,12,8,1
3405,1,5,11,5,1
3406,1,10,12,3,0
3407,1,7,7,6,0
3408,1,10,12,3,1
3409,0,,,,1
3410,0,,,,-1
3411,0,,,,0
3412,0,,,,1
3413,0,,,,1
3414,0,,,,0
3415,0,,,,1
3416,0,,,,0
3417,0,,,,1
3418,1,11,11,8,1
3419,0,,,,0
3420,1,5,12,5,1
3421,1,11,11,3,1
3422,0,,,,0
3423,1,10,2,3,1
3424,0,,,,0
3425,0,,,,0
3426,1,10,10,8,1
3427,1,10,10,3,1
3428,1,12,10,5,1
3429,1,12,11,3,1
3430,1,12,12,5,1
3431,1,12,10,5,1
3432,0,,,,0
3433,1,5,11,8,1
3434,0,,,,0
3435,1,10,5,3,0
3436,1,11,12,8,1
3437,1,12,12,6,1
3438,1,12,4,8,1
3439,0,,,,0
3440,0,,,,1
3441,1,3,12,7,1
3442,0,,,,1
3443,1,12,12,5,1
3444,0,,,,0
3445,0,,,,0
3446,0,,,,0
3447,1,2,12,2,1
3448,0,,,,1
3449,0,,,,0
3450,1,11,7,7,0
3451,0,,,,0
3452,1,12,6,8,1
3453,1,12,11,8,1
3454,0,,,,1
3455,1,11,11,7,0
3456,0,,,,1
3457,1,7,5,7,1
3458,1,7,12,3,1
3459,1,5,12,3,1
3460,1,12,5,3,0
3461,1,7,12,6,1
3462,1,12,11,7,1
3463,0,,,,1
3464,0,,,,0
3465,1,11,11,7,1
3466,1,10,10,8,1
3467,0,,,,1
3468,1,12,12,5,1
3469,0,,,,0
3470,1,11,3,8,1
3471,0,,,,0
3472,1,5,12,6,1
3473,1,11,12,7,1
3474,0,,,,1
3475,0,,,,1
3476,1,12,12,5,1
3477,0,,,,1
3478,1,12,12,3,1
3479,1,12,10,8,1
3480,0,,,,0
3481,0,,,,1
3482,1,3,10,8,1
3483,0,,,,1
3484,0,,,,0
3485,1,12,12,8,1
3486,0,,,,0
3487,0,,,,0
3488,0,,,,0
3489,1,6,12,8,1
3490,0,,,,1
3491,0,,,,1
3492,1,12,10,5,0
3493,0,,,,0
3494,1,4,4,7,1
3495,1,7,12,7,1
3496,1,6,5,8,1
3497,0,,,,1
3498,0,,,,1
3499,0,,,,1
3500,0,,,,1
3501,0,,,,1
3502,0,,,,0
3503,0,,,,0
3504,0,,,,-1
3505,0,,,,1
3506,0,,,,0
3507,0,,,,-1
3508,1,12,3,7,1
3509,0,,,,1
3510,1,7,7,5,1
3511,0,,,,0
3512,0,,,,1
3513,1,12,11,7,1
3514,0,,,,1
3515,1,12,12,7,1
3516,0,,,,1
3517,0,,,,1
3518,1,12,5,3,0
3519,1,11,3,3,0
3520,0,,,,0
3521,0,,,,0
3522,1,5,10,7,1
3523,1,11,4,7,0
3524,1,12,4,7,1
3525,1,12,8,8,1
3526,0,,,,1
3527,0,,,,0
3528,1,11,3,6,1
3529,0,,,,1
3530,0,,,,0
3531,0,,,,1
3532,0,,,,1
3533,0,,,,0
3534,0,,,,1
3535,0,,,,1
3536,1,12,11,3,0
3537,1,11,12,8,1
3538,0,,,,0
3539,0,,,,1
3540,0,,,,1
3541,1,12,7,1,1
3542,1,11,12,8,1
3543,1,12,12,7,0
3544,1,12,5,7,1
3545,0,,,,1
3546,1,10,7,5,1
3547,0,,,,0
3548,0,,,,1
3549,1,11,3,5,1
3550,0,,,,1
3551,1,12,10,7,0
3552,0,,,,0
3553,0,,,,1
3554,0,,,,1
3555,0,,,,0
3556,1,11,12,8,1
3557,0,,,,-1
3558,0,,,,0
3559,0,,,,0
3560,0,,,,1
3561,1,7,3,7,1
3562,1,12,12,6,1
3563,1,11,8,8,1
3564,1,12,12,5,1
3565,1,11,10,8,1
3566,1,12,12,7,1
3567,1,12,12,7,1
3568,1,12,3,3,1
3569,0,,,,0
3570,1,10,5,3,1
3571,0,,,,0
3572,1,10,10,7,1
3573,0,,,,0
3574,0,,,,1
3575,1,10,12,8,1
3576,1,12,11,7,0
3577,0,,,,0
3578,0,,,,1
3579,1,12,12,5,1
3580,0,,,,0
3581,0,,,,1
3582,1,4,9,2,1
3583,1,12,12,8,1
3584,1,12,3,6,1
3585,1,11,12,5,1
3586,1,5,3,2,0
3587,1,5,9,6,1
3588,1,12,12,6,1
3589,0,,,,1
3590,0,,,,0
3591,1,5,9,7,1
3592,1,12,5,7,1
3593,0,,,,1
3594,0,,,,1
3595,0,,,,1
3596,0,,,,1
3597,0,,,,1
3598,0,,,,0
3599,1,12,12,7,1
3600,1,12,11,2,0
3601,0,,,,1
3602,1,7,7,7,0
3603,0,,,,1
3604,0,,,,0
3605,0,,,,0
3606,0,,,,0
3607,1,3,10,5,1
3608,0,,,,0
3609,0,,,,0
3610,0,,,,0
3611,0,,,,0
3612,0,,,,0
3613,0,,,,0
3614,0,,,,1
3615,1,11,7,2,1
3616,1,7,9,8,-1
3617,0,,,,1
3618,1,11,9,8,0
3619,1,11,12,2,0
3620,1,7,10,7,1
3621,1,11,12,8,0
3622,1,7,12,3,1
3623,0,,,,0
3624,1,10,5,2,0
3625,0,,,,1
3626,0,,,,0
3627,0,,,,1
3628,0,,,,1
3629,1,12,10,7,1
3630,1,5,3,3,1
3631,1,12,8,7,1
3632,1,12,12,8,1
3633,1,10,3,7,1
3634,1,11,10,1,1
3635,0,,,,1
3636,0,,,,1
3637,1,4,12,8,1
3638,1,4,12,8,0
3639,1,9,4,3,0
3640,0,,,,0
3641,1,10,12,2,0
3642,1,10,7,6,1
3643,0,,,,0
3644,0,,,,0
3645,0,,,,1
3646,0,,,,0
3647,0,,,,0
3648,0,,,,1
3649,0,,,,1
3650,1,8,1,3,1
3651,1,2,11,6,1
3652,0,,,,1
3653,0,,,,0
3654,1,12,12,5,1
3655,0,,,,0
3656,1,7,12,8,1
3657,1,3,11,5,0
3658,1,11,12,8,1
3659,1,12,12,7,1
3660,1,12,11,8,0
3661,0,,,,0
3662,1,12,11,8,1
3663,1,12,12,1,0
3664,0,,,,1
3665,1,6,11,8,1
3666,1,6,11,7,0
3667,1,10,12,7,1
3668,1,11,11,7,1
3669,1,12,11,8,1
3670,0,,,,0
3671,0,,,,1
3672,0,,,,0
3673,0,,,,1
3674,1,10,12,2,0
3675,0,,,,1
3676,1,10,8,5,1
3677,1,9,10,8,1
3678,1,5,10,7,1
3679,0,,,,1
3680,1,12,9,2,1
3681,1,5,10,6,1
3682,1,10,3,7,1
3683,0,,,,1
3684,1,5,10,1,1
3685,0,,,,1
3686,1,12,12,8,1
3687,1,1,10,5,1
3688,0,,,,1
3689,1,10,10,7,1
3690,1,10,3,1,1
3691,1,10,11,7,0
3692,1,10,5,8,1
3693,1,10,10,3,1
3694,1,10,10,8,1
3695,1,10,10,8,1
3696,0,,,,1
3697,0,,,,1
3698,0,,,,1
3699,1,12,11,2,1
3700,1,11,7,2,1
3701,0,,,,0
3702,0,,,,1
3703,1,4,12,7,1
3704,1,4,12,2,1
3705,0,,,,0
3706,0,,,,0
3707,1,5,12,2,1
3708,1,10,10,8,1
3709,1,10,10,5,1
3710,0,,,,0
3711,1,5,11,3,1
3712,1,9,5,6,1
3713,0,,,,0
3714,1,12,4,6,1
3715,0,,,,0
3716,1,7,5,7,1
3717,1,8,12,4,1
3718,1,11,12,7,1
3719,1,5,5,2,1
3720,1,12,10,1,1
3721,1,5,12,2,1
3722,1,12,5,2,1
3723,1,12,4,7,1
3724,0,,,,1
3725,1,11,12,5,1
3726,0,,,,1
3727,0,,,,0
3728,1,10,10,5,1
3729,1,12,3,7,0
3730,0,,,,0
3731,0,,,,0
3732,1,5,10,2,0
3733,1,2,12,2,0
3734,1,4,12,8,0
3735,1,12,12,7,0
3736,0,,,,1
3737,1,5,12,6,1
3738,0,,,,0
3739,0,,,,1
3740,1,11,11,7,0
3741,0,,,,0
3742,1,10,11,8,0
3743,1,2,12,7,1
3744,0,,,,1
3745,1,12,11,2,1
3746,0,,,,1
3747,1,12,11,1,1
3748,1,12,12,7,1
3749,1,7,12,6,1
3750,0,,,,-1
3751,0,,,,1
3752,0,,,,1
3753,0,,,,1
3754,1,12,9,7,1
3755,1,10,10,6,0
3756,0,,,,0
3757,1,11,6,7,0
3758,1,11,12,8,0
3759,1,12,2,5,0
3760,0,,,,0
3761,0,,,,1
3762,0,,,,0
3763,0,,,,0
3764,0,,,,0
3765,0,,,,1
3766,0,,,,0
3767,1,10,5,8,0
3768,1,11,12,8,1
3769,1,12,5,7,1
3770,1,5,9,2,0
3771,1,11,6,7,1
3772,0,,,,1
3773,0,,,,0
3774,1,12,6,7,1
3775,0,,,,0
3776,1,11,12,8,1
3777,0,,,,-1
3778,0,,,,1
3779,1,12,4,7,1
3780,1,12,12,2,1
3781,0,,,,1
3782,1,5,10,7,1
3783,1,11,3,5,1
3784,0,,,,1
3785,0,,,,1
3786,1,5,12,2,1
3787,0,,,,0
3788,1,12,3,7,0
3789,1,10,3,7,0
3790,1,12,11,8,0
3791,0,,,,1
3792,1,12,3,2,1
3793,1,5,12,8,1
3794,1,10,12,7,0
3795,1,10,12,6,0
3796,0,,,,1
3797,0,,,,1
3798,1,11,12,8,1
3799,0,,,,1
3800,0,,,,1
3801,0,,,,1
3802,1,12,11,8,-1
3803,1,12,12,2,1
3804,1,10,9,5,1
3805,0,,,,-1
3806,1,12,12,5,1
3807,1,11,12,7,1
3808,0,,,,0
3809,1,10,5,8,1
3810,0,,,,0
3811,1,5,5,7,0
3812,1,10,10,1,0
3813,1,10,11,8,0
3814,1,3,12,7,0
3815,1,10,10,8,0
3816,1,10,11,1,0
3817,1,10,12,8,0
3818,1,10,12,5,1
3819,0,,,,1
3820,1,10,10,3,1
3821,1,12,10,7,1
3822,1,11,5,6,1
3823,1,10,12,2,1
3824,1,2,10,7,0
3825,1,12,12,2,1
3826,1,12,12,1,1
3827,0,,,,1
3828,0,,,,1
3829,0,,,,0
3830,1,12,12,8,1
3831,1,12,12,5,1
3832,1,12,10,1,0
3833,0,,,,1
3834,1,11,12,7,1
3835,1,11,2,1,1
3836,0,,,,1
3837,1,12,3,2,1
3838,1,4,4,2,1
3839,0,,,,1
3840,1,3,12,7,1
3841,0,,,,0
3842,0,,,,1
3843,0,,,,1
3844,0,,,,1
3845,0,,,,1
3846,0,,,,1
3847,0,,,,1
3848,0,,,,1
3849,0,,,,0
3850,0,,,,1
3851,1,12,4,5,1
3852,1,11,11,2,1
3853,1,5,5,7,1
3854,0,,,,1
3855,1,5,4,2,1
3856,0,,,,1
3857,1,7,12,5,1
3858,1,7,12,2,1
3859,0,,,,1
3860,1,3,11,6,1
3861,1,12,12,8,1
3862,1,6,12,8,1
3863,1,11,12,2,1
3864,1,12,12,7,1
3865,1,4,5,7,1
3866,1,12,5,8,1
3867,1,2,12,7,0
3868,1,5,10,7,1
3869,1,12,11,2,1
3870,1,12,5,7,1
3871,0,,,,0
3872,1,9,10,8,0
3873,0,,,,0
3874,1,11,5,2,1
3875,0,,,,1
3876,0,,,,0
3877,1,5,12,8,1
3878,0,,,,1
3879,1,12,11,2,1
3880,1,11,5,5,1
3881,0,,,,0
3882,1,12,8,1,1
3883,0,,,,0
3884,1,12,12,6,1
3885,0,,,,1
3886,0,,,,1
3887,1,11,12,5,1
3888,1,12,12,2,1
3889,1,2,9,8,1
3890,0,,,,1
3891,1,12,4,5,1
3892,1,5,12,1,1
3893,1,12,12,5,1
3894,1,5,12,7,1
3895,1,12,3,2,1
3896,1,12,6,7,1
3897,0,,,,1
3898,1,12,12,7,0
3899,0,,,,1
3900,1,5,12,6,1
3901,1,11,12,7,1
3902,1,7,12,2,1
3903,1,11,10,1,1
3904,1,11,10,8,1
3905,1,12,11,6,0
3906,1,7,12,1,1
3907,0,,,,1
3908,1,12,5,6,1
3909,1,7,12,7,1
3910,0,,,,1
3911,1,7,7,7,1
3912,1,5,5,2,1
3913,1,12,12,2,0
3914,1,12,12,7,1
3915,0,,,,1
3916,1,10,12,5,1
3917,1,10,10,8,1
3918,0,,,,1
3919,1,10,11,1,1
3920,1,7,11,3,1
3921,1,7,3,6,0
3922,1,11,3,7,1
3923,1,12,2,8,0
3924,1,11,11,5,1
3925,1,12,3,7,0
3926,0,,,,0
3927,1,7,9,7,1
3928,0,,,,0
3929,0,,,,1
3930,1,11,3,7,1
3931,0,,,,1
3932,1,11,11,8,1
3933,0,,,,0
3934,1,5,12,6,0
3935,0,,,,1
3936,0,,,,1
3937,0,,,,1
3938,1,12,3,7,1
3939,1,11,3,1,1
3940,1,7,12,8,1
3941,1,7,5,7,1
3942,0,,,,1
3943,1,12,10,8,1
3944,0,,,,1
3945,1,11,5,5,1
3946,1,10,12,7,1
3947,0,,,,1
3948,0,,,,0
3949,0,,,,0
3950,1,7,8,6,1
3951,0,,,,1
3952,1,11,12,3,1
3953,1,12,12,7,1
3954,1,12,3,8,1
3955,1,11,11,7,1
3956,0,,,,1
3957,0,,,,1
3958,1,10,12,7,1
3959,0,,,,0
3960,0,,,,0
3961,0,,,,0
3962,1,10,12,2,1
3963,0,,,,0
3964,1,12,9,8,0
3965,1,10,12,5,1
3966,1,10,5,2,0
3967,0,,,,1
3968,0,,,,1
3969,0,,,,1
3970,0,,,,1
3971,1,12,10,7,1
3972,0,,,,0
3973,1,5,4,8,1
3974,1,12,9,7,1
3975,1,12,12,8,1
3976,1,11,11,2,1
3977,0,,,,0
3978,0,,,,0
3979,0,,,,0
3980,1,12,12,5,1
3981,0,,,,1
3982,1,12,11,2,1
3983,0,,,,0
3984,1,12,11,8,1
3985,1,12,10,8,1
3986,1,7,9,7,1
3987,1,11,4,1,1
3988,1,10,12,7,1
3989,1,7,10,2,1
3990,1,11,11,2,1
3991,1,12,10,1,1
3992,0,,,,1
3993,1,12,10,3,0
3994,0,,,,1
3995,1,12,11,7,1
3996,1,5,4,8,1
3997,1,5,4,6,1
3998,1,5,10,2,0
3999,1,12,11,7,1
4000,0,,,,1
4001,1,12,3,2,1
4002,1,10,12,7,1
4003,1,12,11,8,1
4004,0,,,,1
4005,1,12,10,6,1
4006,1,12,12,6,1
4007,1,4,12,2,0
4008,1,11,5,7,1
4009,1,12,12,6,1
4010,1,11,5,8,1
4011,0,,,,1
4012,1,5,12,1,1
4013,1,12,2,5,1
4014,0,,,,0
4015,0,,,,1
4016,0,,,,1
4017,1,5,4,2,1
4018,0,,,,1
4019,0,,,,1
4020,1,10,12,6,1
4021,0,,,,1
4022,1,5,12,7,1
4023,1,12,12,8,1
4024,1,1,3,7,1
4025,0,,,,1
4026,0,,,,1
4027,1,5,9,2,1
4028,1,12,11,8,1
4029,1,5,12,8,1
4030,0,,,,1
4031,1,5,12,8,0
4032,1,11,11,7,1
4033,0,,,,1
4034,0,,,,0
4035,1,12,12,7,0
4036,1,7,10,5,1
4037,1,12,12,5,1
4038,0,,,,1
4039,0,,,,1
4040,1,12,12,7,1
4041,0,,,,1
4042,1,12,3,6,1
4043,0,,,,0
4044,0,,,,0
4045,0,,,,1
4046,1,12,8,3,0
4047,0,,,,0
4048,0,,,,1
4049,0,,,,1
4050,1,11,3,8,1
4051,1,12,12,5,1
4052,0,,,,0
4053,1,11,3,8,1
4054,1,12,11,8,0
4055,0,,,,0
4056,0,,,,0
4057,0,,,,0
4058,0,,,,0
4059,1,12,11,5,1
4060,0,,,,0
4061,0,,,,1
4062,0,,,,0
4063,0,,,,1
4064,0,,,,1
